# date;sentiment;objectivity;retweets;favourites
2016-11-08 00:41;0;0;0;0
2016-11-08 00:41;0;1;0;0
2016-11-08 00:19;0.8375;0.75;0;0
2016-11-08 00:18;0.8;0.9;0;0
2016-11-08 00:13;0;0;1;1
2016-11-08 00:08;0;0;0;0
2016-11-07 23:42;0;0.75;0;0
2016-11-07 23:36;0.6;0.716666667;3;3
2016-11-07 23:31;0;0;0;0
2016-11-07 22:51;-0.7;0.666666667;0;0
2016-11-07 22:36;0;0;0;0
2016-11-07 22:34;0.46875;0.65;0;1
2016-11-07 22:13;0;0;0;0
2016-11-07 22:13;0.357142857;0.571428571;0;0
2016-11-07 22:04;0;0.05;1;3
2016-11-07 21:51;0;0;6;9
2016-11-07 21:45;0.138392857;0.392857143;0;0
2016-11-07 21:44;0;0;0;1
2016-11-07 21:44;0;0;0;1
2016-11-07 21:29;0;0;0;1
2016-11-07 21:04;0;0;0;1
2016-11-07 20:58;0;0;6;9
2016-11-07 20:53;-0.5;0.9;0;0
2016-11-07 20:53;0;0;1;0
2016-11-07 20:50;0;0.4;0;0
2016-11-07 20:35;0;0;1;2
2016-11-07 20:34;0.5;0.5;0;2
2016-11-07 20:34;-0.5;1;1;1
2016-11-07 20:33;0;0;1;1
2016-11-07 20:31;0.357142857;0.571428571;1;3
2016-11-07 20:17;-0.0625;0.45;0;3
2016-11-07 20:05;0;0;2;1
2016-11-07 19:45;0;0;0;0
2016-11-07 19:38;0.033333333;0.566666667;0;0
2016-11-07 19:36;0.142857143;0.330357143;0;0
2016-11-07 19:34;0.525;0.55;0;1
2016-11-07 19:32;0;0;67;105
2016-11-07 19:31;1;1;7;9
2016-11-07 19:20;-0.15;0.8;0;1
2016-11-07 19:08;0;0;0;2
2016-11-07 19:07;0;0;5;5
2016-11-07 19:00;0;0;1;1
2016-11-07 18:58;0;0.1;0;1
2016-11-07 18:53;0.166666667;0.283333333;0;0
2016-11-07 18:48;-0.083333333;0.533333333;1;0
2016-11-07 18:46;0.285714286;0.535714286;0;0
2016-11-07 18:43;-0.3625;0.6875;3;2
2016-11-07 18:32;0.26;0.26;0;0
2016-11-07 18:30;0;0;0;0
2016-11-07 18:19;-0.875;1;0;1
2016-11-07 18:19;0;0;0;1
2016-11-07 18:02;0.1;0.2;1;1
2016-11-07 17:48;0;0;1;0
2016-11-07 17:30;0;1;0;0
2016-11-07 17:18;0;0;0;1
2016-11-07 17:07;0;0;0;0
2016-11-07 16:35;0.7;0.6;0;0
2016-11-07 16:34;0;0;0;0
2016-11-07 16:31;0.125;0.625;0;0
2016-11-07 16:18;0.5;0.5;1;0
2016-11-07 16:17;0;0;0;0
2016-11-07 16:03;0.8;0.75;0;0
2016-11-07 15:53;0;0;0;1
2016-11-07 15:48;0;0;0;0
2016-11-07 15:05;0.136363636;0.454545455;0;3
2016-11-07 14:50;0;0;0;1
2016-11-07 14:24;0;1;0;0
2016-11-07 14:18;0;0.125;0;0
2016-11-07 14:09;0;0;15;15
2016-11-07 14:03;-0.9;1;0;0
2016-11-07 14:03;0;0.9;0;0
2016-11-07 13:21;0.25;0.5;0;0
2016-11-07 09:44;0;0;0;0
2016-11-07 08:14;0;0;23;8
2016-11-07 06:23;0;0;0;2
2016-11-07 06:23;0;0;1;0
2016-11-07 04:15;0.308333333;0.475;0;0
2016-11-07 03:56;0;0;0;0
2016-11-07 03:24;0.75;1;0;0
2016-11-07 03:04;-0.4;0.7;0;0
2016-11-07 02:57;0.35;0.3;0;0
2016-11-07 02:50;0.2;0.2;1;0
2016-11-07 01:43;-0.2;0.9;0;0
2016-11-07 00:31;-0.0625;0.5;3;3
2016-11-07 00:14;0.5;0.5;0;0
2016-11-07 00:05;0;0;0;0
2016-11-06 23:51;0.05;0.7;0;0
2016-11-06 23:49;0.8;0.7;0;0
2016-11-06 23:43;-0.3125;0.2;0;0
2016-11-06 23:35;-0.452777778;0.519444444;0;0
2016-11-06 23:33;0;0;0;0
2016-11-06 23:10;0;0;1;0
2016-11-06 23:04;0.225;0.45;0;0
2016-11-06 22:57;0.5;0.5;3;5
2016-11-06 22:35;0;0;2;0
2016-11-06 22:33;0.233333333;0.433333333;3;3
2016-11-06 22:22;0.178571429;0.335714286;0;0
2016-11-06 22:15;0;0.5;0;0
2016-11-06 21:10;-0.3;0.533333333;0;0
2016-11-06 21:03;0;0.7;0;0
2016-11-06 21:02;0;0;0;0
2016-11-06 20:56;0.133333333;0.5;0;0
2016-11-06 18:39;-0.208333333;0.433333333;4;11
2016-11-06 18:25;-0.004340278;0.227777778;0;1
2016-11-06 17:57;0;0;1;1
2016-11-06 17:09;0.016666667;0.425;0;0
2016-11-06 17:00;0;0;0;0
2016-11-06 16:15;0;0;0;1
2016-11-06 15:45;-0.15625;0.5;2;1
2016-11-06 12:27;0;0;4;4
2016-11-06 05:18;0.433333333;0.733333333;0;2
2016-11-06 02:03;0;0;2;5
2016-11-06 01:00;0;0;5;4
2016-11-06 00:32;0.125;0.316666667;1;4
2016-11-06 00:05;0;0;0;1
2016-11-05 23:59;0;0;0;0
2016-11-05 23:17;-0.15;0.4;0;0
2016-11-05 22:20;0;0;0;2
2016-11-05 22:06;-0.15;0.4;0;0
2016-11-05 21:59;1;1;3;7
2016-11-05 21:58;0;0;0;2
2016-11-05 21:58;-0.15;0.4;124;449
2016-11-05 21:04;0.285714286;0.535714286;0;0
2016-11-05 20:56;-0.25;0.25;0;0
2016-11-05 20:53;-0.15;0.4;0;0
2016-11-05 20:48;0;0;0;1
2016-11-05 20:45;-0.15;0.4;105;380
2016-11-05 20:31;0.2;0.1;0;0
2016-11-05 20:22;0.8;0.9;0;0
2016-11-05 20:20;0.138392857;0.392857143;0;3
2016-11-05 20:05;0;0;0;0
2016-11-05 19:53;0.233333333;0.555555556;0;8
2016-11-05 19:31;0;0;0;1
2016-11-05 19:05;0;0;0;2
2016-11-05 17:35;0;0;8;24
2016-11-05 17:26;0;0;2;1
2016-11-05 17:18;0;0.333333333;1;0
2016-11-05 16:13;0;0;2;0
2016-11-05 15:54;0;0.1;0;1
2016-11-05 15:25;0.25;0.25;4;6
2016-11-05 15:20;-0.333333333;0.666666667;0;1
2016-11-05 15:07;0;0;1;2
2016-11-05 15:04;0;0;0;0
2016-11-05 15:02;0.513636364;0.472727273;1;4
2016-11-05 15:02;-0.1;0.2;0;1
2016-11-05 15:00;0;0;94;117
2016-11-05 05:51;0;0;0;0
2016-11-05 05:19;0;0;0;0
2016-11-05 05:08;0.5;0.6;0;0
2016-11-05 04:45;0.25;0.45;0;0
2016-11-05 04:03;0.5;0.9;2;2
2016-11-05 04:02;0;0;0;1
2016-11-05 04:00;0.133333333;0.533333333;0;0
2016-11-05 03:21;0;0;0;1
2016-11-05 02:53;0;0;0;1
2016-11-05 02:49;0;0;0;2
2016-11-05 02:48;0;0.3;0;0
2016-11-05 02:47;0;1;0;0
2016-11-05 01:02;-0.155555556;0.288888889;0;4
2016-11-04 22:22;0;0;0;0
2016-11-04 22:07;0.8;0.75;2;1
2016-11-04 22:02;-0.341666667;0.5;0;1
2016-11-04 21:35;0;0.375;0;0
2016-11-04 21:22;0;0;0;0
2016-11-04 21:01;0.3;0.533333333;8;17
2016-11-04 20:08;0.045833333;0.083333333;0;4
2016-11-04 19:52;0.25;0.6;0;0
2016-11-04 19:33;0.8;0.7;0;0
2016-11-04 19:15;0.8;0.875;10;17
2016-11-04 19:14;-0.155555556;0.511111111;0;0
2016-11-04 18:29;0;0;7;14
2016-11-04 18:04;0.8;0.75;0;4
2016-11-04 17:52;0.4;0.5;7;13
2016-11-04 17:19;0.025;0.258333333;1;0
2016-11-04 17:00;0.1;0.3;0;0
2016-11-04 16:45;0;0;0;0
2016-11-04 16:19;0.625;0.5;0;0
2016-11-04 15:57;0;0;0;3
2016-11-04 15:20;-0.3;0.4;3;2
2016-11-04 14:11;0;0;2;1
2016-11-04 14:11;0;0;2;1
2016-11-04 13:59;0;0;2;1
2016-11-04 13:45;0.3125;0.25;0;0
2016-11-04 13:25;0;0;0;0
2016-11-04 13:20;0;0;0;0
2016-11-04 12:00;0;0;1;1
2016-11-04 11:14;0;0;1;0
2016-11-04 10:43;0;0;9;4
2016-11-04 08:58;-0.9765625;0.875;0;0
2016-11-04 08:44;0;0;0;0
2016-11-04 07:45;0;0;4;3
2016-11-04 07:05;0.4;1;0;0
2016-11-04 06:02;0.075;0.625;0;0
2016-11-04 05:41;0.1;0.3;0;0
2016-11-04 04:21;0;0.5;0;0
2016-11-04 03:09;-0.279017857;0.285714286;6;5
2016-11-04 02:57;0;0;7;3
2016-11-04 02:38;-0.147222222;0.397222222;0;1
2016-11-04 02:21;-0.011111111;0.294444444;0;0
2016-11-04 02:14;0;0;0;1
2016-11-04 01:45;0;0;0;0
2016-11-04 01:33;0;0;6;10
2016-11-04 00:53;0.15;0.45;2;1
2016-11-04 00:51;-0.025;0.55;0;2
2016-11-04 00:05;0.4875;0.975;1;0
2016-11-04 00:03;0;0;0;0
2016-11-03 23:54;0.136363636;0.454545455;0;0
2016-11-03 23:54;0;0;0;0
2016-11-03 23:33;0;0.1;2;3
2016-11-03 23:31;0.5;0.5;0;0
2016-11-03 23:26;0;0;1;0
2016-11-03 23:00;0;0;0;2
2016-11-03 22:58;0.35;0.65;41;40
2016-11-03 22:56;-0.1;0.9;0;1
2016-11-03 22:32;0;0;0;0
2016-11-03 22:28;0;0;0;0
2016-11-03 21:11;-0.2;0;8;5
2016-11-03 20:40;0;0;1;2
2016-11-03 20:39;0;0;0;0
2016-11-03 20:36;0;0;1;0
2016-11-03 20:19;-0.05;0.1;3;4
2016-11-03 20:14;0;0;0;0
2016-11-03 20:14;0.55;0.375;0;5
2016-11-03 20:14;0;0;0;0
2016-11-03 20:13;0;0;0;0
2016-11-03 20:11;0;0;93;420
2016-11-03 20:01;0;0;1;0
2016-11-03 19:29;0;0;0;0
2016-11-03 19:26;0;0;0;2
2016-11-03 18:46;0;0;0;0
2016-11-03 18:41;0;0;1;0
2016-11-03 18:21;0;0;0;0
2016-11-03 18:10;0;0;2;0
2016-11-03 18:09;0;0;2;1
2016-11-03 17:47;0;0;18;20
2016-11-03 17:45;0.136363636;0.454545455;0;0
2016-11-03 17:38;0.5;0.5;0;0
2016-11-03 17:30;0;0.75;2;0
2016-11-03 16:35;0;0;0;0
2016-11-03 16:35;0;0;1;0
2016-11-03 15:56;0;0;5;5
2016-11-03 15:45;0;0;0;0
2016-11-03 15:41;0;0;0;0
2016-11-03 15:41;0;0;1;1
2016-11-03 15:29;0.26;0.26;0;0
2016-11-03 15:21;0;0;6;7
2016-11-03 15:20;0.8;0.4;0;0
2016-11-03 15:12;0;0;1;2
2016-11-03 15:11;0;0;0;3
2016-11-03 15:08;0;0;10;12
2016-11-03 15:08;0;0;1;0
2016-11-03 14:57;1;0.3;0;0
2016-11-03 14:49;0;0;0;1
2016-11-03 14:27;0;0;0;0
2016-11-03 14:18;0;0;1;0
2016-11-03 14:17;0;0;2;0
2016-11-03 14:16;0.25;0.75;0;0
2016-11-03 14:06;0;0.125;1;2
2016-11-03 12:46;0;0.975;0;0
2016-11-03 12:38;-0.5;1;0;1
2016-11-03 11:27;0.377232143;0.367857143;0;0
2016-11-03 11:25;0;0;0;1
2016-11-03 11:22;0;0;0;0
2016-11-03 10:50;0;0;2;3
2016-11-03 08:45;-1;1;0;1
2016-11-03 06:47;0.7;0.6;1;0
2016-11-03 06:44;0;0;1;2
2016-11-03 06:33;0.466666667;0.733333333;1;2
2016-11-03 06:32;0.1;0.3;2;3
2016-11-03 04:37;0;0;2;2
2016-11-03 04:28;0;0;2;2
2016-11-03 04:25;0.25;0.3125;0;1
2016-11-03 04:02;0;0;0;0
2016-11-03 03:34;0.170454545;0.5;1;1
2016-11-03 03:20;0;0;20;19
2016-11-03 03:13;0;0;0;0
2016-11-03 03:08;0;0;1;0
2016-11-03 03:02;0.283333333;0.55;0;1
2016-11-03 02:57;0.25;0.65;0;0
2016-11-03 02:55;0;0.076923077;0;0
2016-11-03 02:48;0.5;0.5;0;0
2016-11-03 02:31;-0.2;0.35;0;2
2016-11-03 02:12;0;0;8;9
2016-11-03 01:53;-0.875;1;0;1
2016-11-03 01:38;0.78125;0.5;0;1
2016-11-03 01:31;0;0;0;1
2016-11-03 01:26;0.6;0.9;0;1
2016-11-03 01:23;0;0;0;2
2016-11-03 01:13;0.8;0.75;0;0
2016-11-03 01:03;0;0;0;6
2016-11-03 01:00;0.118181818;0.418939394;0;1
2016-11-03 00:44;0.25;0.25;0;0
2016-11-03 00:40;-0.125;0.375;19;14
2016-11-03 00:40;0;0;0;0
2016-11-03 00:35;0;0;1;0
2016-11-03 00:25;0;0;0;0
2016-11-03 00:14;0;0;0;0
2016-11-03 00:13;0;0;93;227
2016-11-03 00:12;0;0;9;1
2016-11-03 00:11;0;0;0;0
2016-11-03 00:10;0.2;0.466666667;0;0
2016-11-03 00:02;0;0;0;0
2016-11-02 23:59;0;0;0;0
2016-11-02 23:21;0;0;2;1
2016-11-02 23:15;0;0;1;2
2016-11-02 22:56;0.5;0.4;0;0
2016-11-02 22:17;0;0;0;0
2016-11-02 21:51;-0.5;1;0;0
2016-11-02 21:51;0.366666667;0.5;0;0
2016-11-02 21:48;0;0;0;0
2016-11-02 21:45;-0.125;0.375;0;0
2016-11-02 21:35;0.136363636;0.454545455;10;15
2016-11-02 21:06;0;0;1;0
2016-11-02 20:34;0;0;0;0
2016-11-02 20:26;-0.02;0.52;0;2
2016-11-02 20:08;-0.15625;0.5;0;0
2016-11-02 19:40;0;0;0;0
2016-11-02 18:58;0.1;0.55;0;0
2016-11-02 18:43;0.352083333;0.635416667;1;0
2016-11-02 18:38;0;0;0;1
2016-11-02 18:12;0;0.5;0;0
2016-11-02 17:46;0;0;1;0
2016-11-02 17:35;-0.5;0.5;0;1
2016-11-02 17:22;0;0;0;0
2016-11-02 17:21;0.25;0.25;0;0
2016-11-02 17:01;0;0;1;1
2016-11-02 16:45;-0.388888889;0.833333333;0;0
2016-11-02 16:43;0;0;0;0
2016-11-02 16:25;0;0;0;0
2016-11-02 16:18;0;0;7;3
2016-11-02 16:12;0;0;0;1
2016-11-02 15:51;0;0;18;17
2016-11-02 15:34;-0.5;0.7;0;0
2016-11-02 15:06;0.333333333;0.5;0;0
2016-11-02 15:01;0.136363636;0.454545455;2;6
2016-11-02 14:17;0.5;0.5;6;3
2016-11-02 14:04;0.8;0.75;0;0
2016-11-02 13:10;0;0;0;0
2016-11-02 12:40;0;0;1;1
2016-11-02 12:03;0.2;0.35;0;2
2016-11-02 10:51;0.35;0.65;0;0
2016-11-02 08:19;0;0.1;0;0
2016-11-02 07:07;0;0;0;0
2016-11-02 06:25;-0.5;1;0;0
2016-11-02 06:16;0;0;9;1
2016-11-02 05:30;0;0;1;1
2016-11-02 05:00;0.492857143;0.567857143;0;0
2016-11-02 04:41;0;0;0;0
2016-11-02 04:02;0.35;0.65;1;1
2016-11-02 03:20;0;0;0;0
2016-11-02 02:52;0;0.75;0;2
2016-11-02 00:58;0.32;0.515714286;0;3
2016-11-02 00:41;0.458333333;0.5;0;0
2016-11-02 00:02;0;0;0;1
2016-11-02 00:00;0;0;0;0
2016-11-01 23:57;-0.714285714;0.857142857;0;3
2016-11-01 23:55;0.136363636;0.454545455;5;7
2016-11-01 23:50;-0.203333333;0.568333333;0;0
2016-11-01 23:17;0.1;0.4;3;5
2016-11-01 22:49;0;0.125;0;0
2016-11-01 22:48;0;0;5;8
2016-11-01 22:40;-0.714285714;0.857142857;0;0
2016-11-01 22:24;0;0.066666667;0;0
2016-11-01 22:22;-0.216666667;0.833333333;0;0
2016-11-01 22:18;1;0.75;2;5
2016-11-01 22:15;0;0;0;0
2016-11-01 22:15;0.5;0.5;0;0
2016-11-01 22:10;0;0;4;2
2016-11-01 22:04;0;0;0;0
2016-11-01 22:03;0.65;0.875;0;0
2016-11-01 22:03;0;0;0;0
2016-11-01 22:00;0;0;0;0
2016-11-01 21:55;0.677777778;0.827777778;0;0
2016-11-01 21:35;-0.041111111;0.507777778;0;0
2016-11-01 21:06;-0.5;0.7;0;0
2016-11-01 21:01;0.25;0.333333333;0;0
2016-11-01 20:50;0;0.5;4;3
2016-11-01 20:47;0;0;0;0
2016-11-01 20:38;0;0;0;0
2016-11-01 19:18;0.318181818;0.527272727;0;1
2016-11-01 19:09;0.45;0.65;0;0
2016-11-01 18:47;-0.030555556;0.580555556;0;0
2016-11-01 18:40;0.136363636;0.454545455;0;0
2016-11-01 18:39;0.7;0.6;0;0
2016-11-01 18:38;0;0;1;1
2016-11-01 18:33;0;0;0;0
2016-11-01 18:32;0;0;0;0
2016-11-01 18:25;-0.4;0.7;0;0
2016-11-01 18:23;-0.1;0.5;0;1
2016-11-01 18:12;0.5;0.9;26;46
2016-11-01 18:03;-0.178571429;0.285714286;0;1
2016-11-01 18:01;0.136363636;0.454545455;0;0
2016-11-01 17:48;0;1;0;0
2016-11-01 17:39;0.1;0.4;0;1
2016-11-01 17:29;-0.5;1;6;4
2016-11-01 17:25;0.5;0.5;0;0
2016-11-01 17:25;0;0;0;0
2016-11-01 17:24;0.269047619;0.49047619;0;0
2016-11-01 17:23;0.333333333;0.483333333;0;0
2016-11-01 17:21;0.639285714;0.692857143;0;0
2016-11-01 15:43;0;0;0;0
2016-11-01 15:10;0;0;1;2
2016-11-01 14:50;0;0;0;0
2016-11-01 14:21;0.65;0.45;0;1
2016-11-01 14:10;0;0;0;0
2016-11-01 14:10;-0.007142857;0.517857143;0;0
2016-11-01 13:34;0;0;2;3
2016-11-01 13:25;0;1;0;0
2016-11-01 13:18;-0.5;1;18;14
2016-11-01 13:07;0.25;0.5;0;0
2016-11-01 13:02;0.25;0.85;0;0
2016-11-01 13:02;0.136363636;0.454545455;0;0
2016-11-01 12:40;0;0.05;1;3
2016-11-01 12:10;0;0;0;0
2016-11-01 12:00;0;0;1;3
2016-11-01 08:59;0;0;0;0
2016-11-01 05:14;0;0;1;0
2016-11-01 05:02;-0.035714286;0.107142857;0;0
2016-11-01 05:01;0;1;1;0
2016-11-01 04:44;0.625;0.5;0;0
2016-11-01 03:43;0;0;0;0
2016-11-01 02:56;0;0;2;3
2016-11-01 02:53;0.2;0.3;1;0
2016-11-01 02:51;0.375;0.375;0;10
2016-11-01 02:45;0.2;0.2;1;3
2016-11-01 02:27;0;0;0;1
2016-11-01 02:26;-0.15;0.2;0;0
2016-11-01 02:10;-0.3;0.4;1;1
2016-11-01 01:38;0.126190476;0.445238095;0;0
2016-11-01 01:36;0.246875;0.516666667;2;2
2016-11-01 01:33;0.433333333;0.3;8;28
2016-11-01 01:26;0.35;0.65;1;1
2016-11-01 01:15;0;0;1;26
2016-11-01 01:02;-0.125;0.375;0;3
2016-11-01 00:48;0;0;0;0
2016-10-31 23:38;0;0;0;0
2016-10-31 23:27;0.25;0.3;0;0
2016-10-31 23:25;0.65;0.875;3;5
2016-10-31 23:19;0.8;1;9;18
2016-10-31 23:16;1;1;0;0
2016-10-31 23:14;0.5;0.7;8;11
2016-10-31 23:10;0.283333333;0.777777778;0;0
2016-10-31 23:03;0.4;0.9;0;0
2016-10-31 22:55;0.084814815;0.387407407;2;1
2016-10-31 22:42;0.5;0.5;1;1
2016-10-31 22:32;0.6;0.9;5;6
2016-10-31 22:30;1;0.3;0;4
2016-10-31 22:20;-0.089285714;0.642857143;0;0
2016-10-31 22:06;0;0;5;3
2016-10-31 22:05;0;0;3;3
2016-10-31 22:01;0;0.5;0;0
2016-10-31 21:53;0;0;3;3
2016-10-31 21:45;0;0;4;3
2016-10-31 20:44;0.25;0.25;0;0
2016-10-31 20:31;0;0;1;1
2016-10-31 20:24;0.625;0.6;19;54
2016-10-31 20:09;0;0;0;2
2016-10-31 19:15;0;0;23;34
2016-10-31 18:42;0.25;0.25;0;0
2016-10-31 18:41;0.75;1;0;2
2016-10-31 18:11;0.46875;0.75;2;3
2016-10-31 18:10;1;1;22;17
2016-10-31 18:01;0;0;0;2
2016-10-31 17:59;-0.1;0.1;1;1
2016-10-31 17:19;0.1;1;0;0
2016-10-31 17:11;0.1;0.4;1;1
2016-10-31 16:43;0;0;0;0
2016-10-31 15:23;0;0;0;2
2016-10-31 15:13;0;0;6;9
2016-10-31 15:10;0.333333333;0.666666667;0;0
2016-10-31 14:46;-0.2;0.8;0;0
2016-10-31 14:08;0;0;6;15
2016-10-31 13:55;0;0;0;1
2016-10-31 13:45;0.4;0.466666667;1;1
2016-10-31 11:20;0;0.375;0;0
2016-10-31 05:47;0;0;0;0
2016-10-31 03:43;0;0;1;1
2016-10-31 03:11;0;0;0;0
2016-10-31 02:55;0;0;4;8
2016-10-31 01:55;-0.089285714;0.142857143;0;0
2016-10-31 01:50;0;0.1;0;0
2016-10-31 00:10;0;0;18;13
2016-10-31 00:04;0;0;0;0
2016-10-30 22:34;0.25;0.5;1;1
2016-10-30 22:04;0.6;1;1;1
2016-10-30 21:52;0;0;0;0
2016-10-30 21:45;0.5;0.5;0;0
2016-10-30 21:09;0;0.5;0;0
2016-10-30 20:46;0;0;0;0
2016-10-30 19:29;-0.5;1;0;0
2016-10-30 19:22;0;0;0;0
2016-10-30 19:00;0;0;2;0
2016-10-30 18:49;0;0;0;0
2016-10-30 18:44;0.5;1;0;2
2016-10-30 17:02;0;0;0;0
2016-10-30 16:10;-0.2;0.4;0;0
2016-10-30 16:10;-0.2;0.4;1;0
2016-10-30 16:09;0;0;0;0
2016-10-30 16:03;0.135;0.383333333;0;0
2016-10-30 15:41;-0.125;0.375;1;0
2016-10-30 15:28;0;0;0;0
2016-10-30 15:22;0;0;3;5
2016-10-30 15:04;0;0;1;1
2016-10-30 14:55;0;0;0;1
2016-10-30 13:50;0;0;1;0
2016-10-30 13:45;0;0;0;2
2016-10-30 13:12;0;0;0;0
2016-10-30 11:29;0.175;0.325;1;0
2016-10-30 08:18;0;0;0;1
2016-10-30 07:04;0;0;0;2
2016-10-30 06:53;0;0;0;1
2016-10-30 05:16;0.475;0.525;3;2
2016-10-30 04:30;-0.5;0.9;0;0
2016-10-30 04:01;0.5;1;0;2
2016-10-30 03:26;0.183333333;0.733333333;0;1
2016-10-30 02:32;-0.25;0.25;0;1
2016-10-30 01:39;0.390625;0.75;0;0
2016-10-30 01:38;0.625;0.5;0;0
2016-10-30 01:35;0;0;0;0
2016-10-30 00:52;0.52;0.975;13;8
2016-10-30 00:43;0;0;18;13
2016-10-29 23:52;0.25;0.25;0;1
2016-10-29 22:39;-0.141666667;0.372222222;0;0
2016-10-29 22:01;-0.1625;0.55;0;0
2016-10-29 20:45;0;0;0;0
2016-10-29 20:29;0;0;65;66
2016-10-29 19:50;0.033333333;0.5;0;7
2016-10-29 19:05;0;0;0;0
2016-10-29 18:48;-1;1;0;1
2016-10-29 18:29;-0.05625;0.54375;0;0
2016-10-29 18:23;0.6;1;0;4
2016-10-29 17:52;-0.15;0.4;6;8
2016-10-29 16:28;0;0;0;0
2016-10-29 16:28;0;0;0;1
2016-10-29 15:16;0;0;0;0
2016-10-29 14:03;0;0;0;0
2016-10-29 13:38;0;0;0;0
2016-10-29 13:37;-0.0625;0.1875;0;0
2016-10-29 06:49;0;0;0;0
2016-10-29 06:00;0;0;0;1
2016-10-29 05:56;0;0;0;0
2016-10-29 05:32;0.2;0.633333333;3;1
2016-10-29 05:18;0;0;0;3
2016-10-29 05:15;0.25;0.2;6;8
2016-10-29 04:31;0;0.375;0;4
2016-10-29 03:49;-0.078125;0.4;0;3
2016-10-29 03:02;0;0.125;0;0
2016-10-29 02:08;0;0;0;1
2016-10-29 01:57;0;0;1;0
2016-10-29 01:34;0;0.4;0;1
2016-10-29 01:34;0;0;0;0
2016-10-29 00:53;0;0;0;0
2016-10-29 00:47;0.241071429;0.317857143;0;0
2016-10-29 00:46;0.229166667;0.4;0;0
2016-10-29 00:43;0.178571429;0.285714286;3;4
2016-10-29 00:09;0;0;0;0
2016-10-28 23:50;0;0;10;7
2016-10-28 23:18;0;0;1;1
2016-10-28 22:36;0.9;0.875;6;17
2016-10-28 22:32;0.25;1;0;0
2016-10-28 22:14;0;1;2;0
2016-10-28 21:44;-0.333333333;0.666666667;0;0
2016-10-28 21:44;-0.05;0.4875;7;7
2016-10-28 21:42;0;0;1;0
2016-10-28 21:07;0;0;0;1
2016-10-28 20:43;0.2;0.35;0;0
2016-10-28 20:43;0;0;0;0
2016-10-28 20:42;0;0;3;2
2016-10-28 20:38;0;0;0;0
2016-10-28 20:38;-0.125;0.375;15;11
2016-10-28 20:33;0;0;4;0
2016-10-28 19:54;0;0;1;0
2016-10-28 19:50;0.277777778;0.377777778;0;0
2016-10-28 19:47;0.366666667;0.333333333;0;0
2016-10-28 19:00;0.066666667;0.133333333;0;0
2016-10-28 18:55;0;0;0;0
2016-10-28 18:50;0.525;0.475;0;3
2016-10-28 18:35;0.125;0.3;0;0
2016-10-28 18:29;1;0.75;0;6
2016-10-28 18:13;0.2;0.2;0;0
2016-10-28 18:05;0;0;0;1
2016-10-28 17:40;0;0;6;0
2016-10-28 17:25;-0.054545455;0.333333333;0;1
2016-10-28 16:39;0;0.625;0;0
2016-10-28 15:41;0.625;0.5;0;1
2016-10-28 15:33;0.6;0.8;0;0
2016-10-28 15:09;0;0;2;0
2016-10-28 15:00;0.25;0.25;1;0
2016-10-28 14:03;0;0;0;0
2016-10-28 14:03;0;0;0;0
2016-10-28 13:57;0;0;0;1
2016-10-28 08:07;0;0;2;3
2016-10-28 06:57;-0.1;0.716666667;1;0
2016-10-28 05:54;0.15;0.6;0;0
2016-10-28 05:53;0;0;1;0
2016-10-28 05:48;0.2;0.35;1;0
2016-10-28 05:43;0.1875;0.429166667;1;0
2016-10-28 04:34;0.5;0.5;0;1
2016-10-28 04:24;0.112121212;0.251515152;0;0
2016-10-28 04:22;0;0;24;33
2016-10-28 03:07;0;0;0;0
2016-10-28 02:37;0.16;0.54;1;1
2016-10-28 02:22;-0.208333333;0.458333333;0;2
2016-10-28 01:57;0.066666667;0.1;2;2
2016-10-28 01:49;0.25;0.444444444;0;0
2016-10-28 01:00;0.16;0.54;0;0
2016-10-28 00:59;0;0.066666667;0;0
2016-10-28 00:24;0.285714286;0.535714286;0;0
2016-10-28 00:19;-0.05;0.4;0;1
2016-10-27 23:39;0;0.1;2;2
2016-10-27 23:19;0.166666667;0.408333333;0;2
2016-10-27 22:53;0;0;0;1
2016-10-27 22:11;0;0;3;2
2016-10-27 21:39;-0.1;0.1;0;0
2016-10-27 21:22;0.4;0.5;4;3
2016-10-27 21:05;0.75;0.944444444;1;1
2016-10-27 21:00;0.5;0.5;0;0
2016-10-27 21:00;0;0;0;0
2016-10-27 20:58;0.5;0.5;0;0
2016-10-27 20:40;0.4;0.375;0;0
2016-10-27 20:39;0;0;2;1
2016-10-27 20:25;0;0;0;0
2016-10-27 20:19;0.2;0.65;0;4
2016-10-27 20:15;0.5;0.5;3;2
2016-10-27 20:14;0;0;0;0
2016-10-27 20:01;0.25;0.25;2;2
2016-10-27 19:51;0.3;1;1;1
2016-10-27 19:50;0;0;0;4
2016-10-27 19:11;0;0;0;0
2016-10-27 19:05;0;0;0;0
2016-10-27 18:50;-0.05;0.55;0;0
2016-10-27 18:42;0;0;0;0
2016-10-27 18:41;-0.5;0.3;9;6
2016-10-27 18:40;0.25;0.2;0;0
2016-10-27 18:37;0;0;0;0
2016-10-27 18:26;0.225;0.575;6;3
2016-10-27 18:22;0;0;0;1
2016-10-27 18:11;0;0;4;2
2016-10-27 17:51;0;0;0;0
2016-10-27 17:44;-0.4;0.6;0;0
2016-10-27 17:44;0.275;0.3;0;0
2016-10-27 17:37;0.28;0.72;0;3
2016-10-27 17:35;0.25;0.333333333;3;2
2016-10-27 17:34;-0.8;1;0;2
2016-10-27 17:30;0;1;2;2
2016-10-27 17:28;0;0;1;1
2016-10-27 17:28;0;0;0;1
2016-10-27 17:24;-1;1;0;0
2016-10-27 17:19;0;0;40;87
2016-10-27 17:17;0;0;7;2
2016-10-27 17:15;0;0;0;0
2016-10-27 17:13;-0.05;0.75;0;1
2016-10-27 16:53;0;0;0;0
2016-10-27 16:34;0;0;0;0
2016-10-27 16:31;0.295;0.6;0;0
2016-10-27 16:14;0;0;3;3
2016-10-27 16:11;0;0;1;1
2016-10-27 16:10;0.65;1;13;13
2016-10-27 14:24;-0.5;0.9;0;2
2016-10-27 13:27;0.8125;1;2;6
2016-10-27 12:00;0.78125;0.5;0;1
2016-10-27 11:51;0;0;3;0
2016-10-27 08:52;0;0.25;0;0
2016-10-27 07:51;-0.0625;0.2375;0;0
2016-10-27 07:26;0;0;1;1
2016-10-27 04:58;-0.3125;0.625;0;0
2016-10-27 04:42;0;0;2;4
2016-10-27 03:39;0;0;0;0
2016-10-27 03:05;0;0;0;2
2016-10-27 02:56;0;0;1;0
2016-10-27 02:44;0.7125;0.7;1;0
2016-10-27 02:41;-0.5;1;0;1
2016-10-27 02:06;-0.06010101;0.584848485;0;0
2016-10-27 01:27;0;0;0;1
2016-10-27 01:27;0;0;6;4
2016-10-27 01:27;0;0;2;1
2016-10-27 01:21;0;0;1;0
2016-10-27 01:18;0.227272727;0.545454545;0;0
2016-10-27 01:17;0;0;0;0
2016-10-27 01:15;0.1875;0.35;0;0
2016-10-27 01:06;0;0;1;0
2016-10-27 01:00;0;0;0;0
2016-10-27 00:34;-0.077777778;0.144444444;0;0
2016-10-27 00:03;0.2;0.2;61;52
2016-10-26 23:37;0.1;0.15;0;0
2016-10-26 23:26;0;0;0;0
2016-10-26 23:20;0;0;2;1
2016-10-26 23:14;0;1;1;0
2016-10-26 22:53;0.35;0.3;1;1
2016-10-26 22:24;0.3625;0.325;0;0
2016-10-26 22:20;0;0;0;0
2016-10-26 21:44;0.05;0.55;0;0
2016-10-26 21:42;0;0;0;0
2016-10-26 21:36;0.5625;0.5;0;0
2016-10-26 21:35;-0.5;0.533333333;0;0
2016-10-26 20:59;-0.238095238;0.785714286;0;0
2016-10-26 20:28;0;0;0;3
2016-10-26 20:04;0;0;0;1
2016-10-26 19:59;0.5859375;0.75;1;1
2016-10-26 19:46;0;0;0;0
2016-10-26 19:41;0.5;0.6;1;1
2016-10-26 18:49;0.3625;0.325;2;3
2016-10-26 18:44;-0.3125;0.6875;0;1
2016-10-26 18:39;0;0;0;1
2016-10-26 18:38;0.8;0.9;2;1
2016-10-26 18:15;-0.025568182;0.477272727;0;1
2016-10-26 18:14;0;0;0;1
2016-10-26 18:08;0;0;5;11
2016-10-26 17:55;0;0;0;0
2016-10-26 17:40;0.136363636;0.454545455;9;23
2016-10-26 17:34;0.125;0.625;0;1
2016-10-26 17:16;0;0;0;0
2016-10-26 17:13;-0.020833333;0.395833333;3;0
2016-10-26 17:04;-0.333333333;0.666666667;0;0
2016-10-26 16:52;0;0;0;0
2016-10-26 16:50;0;0;0;0
2016-10-26 16:36;0;0;0;0
2016-10-26 16:28;0.5;0.9;0;0
2016-10-26 16:17;-0.625;0.3;0;0
2016-10-26 15:56;0;0;0;1
2016-10-26 15:56;0;0;4;4
2016-10-26 15:24;-0.6;0.8;0;0
2016-10-26 14:58;0;0;0;0
2016-10-26 14:37;0;0;0;1
2016-10-26 13:58;0.5;0.5;0;1
2016-10-26 13:51;0;0;0;1
2016-10-26 13:49;-0.140277778;0.331944444;0;1
2016-10-26 08:09;0.285714286;0.535714286;0;0
2016-10-26 07:18;-0.071428571;0.785714286;0;0
2016-10-26 06:34;0.6;1;0;0
2016-10-26 05:53;-0.5625;0.6875;0;0
2016-10-26 04:17;0.353571429;0.610714286;2;14
2016-10-26 03:21;0.78125;0.833333333;0;0
2016-10-26 03:17;0;0;0;0
2016-10-26 02:51;0.11875;0.41875;0;0
2016-10-26 02:41;0;0;0;0
2016-10-26 02:22;0;0;0;0
2016-10-26 02:21;0.875;0.6;0;1
2016-10-26 01:43;0;0;0;0
2016-10-26 00:10;0;0;4;2
2016-10-25 23:45;0;0;1;2
2016-10-25 23:19;0;0;0;0
2016-10-25 22:52;0.35;0.55;0;0
2016-10-25 22:32;-0.4;0.7;2;0
2016-10-25 21:27;0.2;0.2;0;0
2016-10-25 21:04;0;0;0;0
2016-10-25 20:25;0;0;1;0
2016-10-25 20:24;0;0.1;0;0
2016-10-25 20:24;0;0;20;18
2016-10-25 20:22;0;0;0;0
2016-10-25 20:20;0.087878788;0.4;0;0
2016-10-25 20:04;0.266666667;0.6;2;5
2016-10-25 20:02;0.468181818;0.602272727;4;4
2016-10-25 19:33;0;0;0;1
2016-10-25 19:31;0;0;0;0
2016-10-25 19:21;0;0;0;0
2016-10-25 18:58;0;0;0;1
2016-10-25 18:55;0.069444444;0.680555556;3;5
2016-10-25 18:45;0.3;0.45;3;3
2016-10-25 18:37;-0.4;0.55;0;0
2016-10-25 18:28;0.1;0.4;0;0
2016-10-25 18:15;0;0;1;1
2016-10-25 18:02;0;1;0;0
2016-10-25 18:01;0.25;0.25;7;2
2016-10-25 17:54;-0.05;0.4;0;0
2016-10-25 17:28;0;0;0;0
2016-10-25 17:03;-0.133333333;0.35;0;0
2016-10-25 16:55;0;0;0;1
2016-10-25 16:21;-0.125;0.25;1;0
2016-10-25 16:06;0;0;0;0
2016-10-25 16:01;0;0;0;1
2016-10-25 15:55;0;0;0;0
2016-10-25 15:13;0;0;0;0
2016-10-25 15:10;0;0;2;1
2016-10-25 14:54;0;0;0;1
2016-10-25 14:37;0;0;0;1
2016-10-25 14:20;0;0;0;1
2016-10-25 14:08;0;1;9;11
2016-10-25 13:42;-0.5;1;0;0
2016-10-25 13:00;0.25;0.333333333;0;0
2016-10-25 06:14;0;0;0;0
2016-10-25 04:47;0;0;4;1
2016-10-25 04:38;0;0;1;1
2016-10-25 04:10;0.266666667;0.3;0;0
2016-10-25 02:49;0.256818182;0.533333333;0;0
2016-10-25 02:37;0.25;0.5;1;2
2016-10-25 02:22;0;0;0;0
2016-10-25 01:51;0;0;0;0
2016-10-25 01:36;0;0;2;5
2016-10-25 01:35;0;0;0;1
2016-10-25 01:24;0.5;0.5;0;2
2016-10-25 01:10;0.2;0.1;18;24
2016-10-25 00:58;-0.016666667;0.333333333;0;0
2016-10-25 00:44;0;0.1;0;0
2016-10-25 00:42;0;0;3;3
2016-10-25 00:37;0;0;0;1
2016-10-25 00:34;0.0375;0.675;0;0
2016-10-25 00:16;0.266666667;0.366666667;0;0
2016-10-25 00:00;0.5;0.5;2;2
2016-10-24 23:35;0;1;0;1
2016-10-24 23:24;0;0;0;0
2016-10-24 23:22;0;0;0;0
2016-10-24 23:18;0;0.4;18;13
2016-10-24 23:07;-0.3;0.4;0;0
2016-10-24 22:58;0;0;0;2
2016-10-24 22:56;0;0;1;1
2016-10-24 22:54;-0.6;0.7;0;3
2016-10-24 22:53;0;0.5;0;1
2016-10-24 22:50;-0.8;1;1;4
2016-10-24 22:48;0.066666667;0.533333333;0;5
2016-10-24 22:47;0.5;0.5;0;3
2016-10-24 22:45;-0.395833333;0.420833333;12;18
2016-10-24 21:55;0.136363636;0.454545455;0;0
2016-10-24 21:38;0.7;0.6;0;0
2016-10-24 21:30;-0.45;0.35;8;5
2016-10-24 21:18;0.2;0.4;0;0
2016-10-24 21:17;0;0;0;1
2016-10-24 21:03;0;0;1;0
2016-10-24 20:03;0;0;0;0
2016-10-24 19:58;0;0;1;2
2016-10-24 19:56;0.633333333;0.7;8;10
2016-10-24 19:50;0;0;0;0
2016-10-24 19:36;-0.625;1;0;0
2016-10-24 19:27;0;0;0;0
2016-10-24 19:24;0.041666667;0.7;0;0
2016-10-24 19:11;-0.125;0.375;1;0
2016-10-24 19:03;0;0;1;2
2016-10-24 19:01;0;0;13;12
2016-10-24 19:00;0.722916667;0.766666667;0;2
2016-10-24 18:58;0;0;1;0
2016-10-24 18:55;0;0;0;0
2016-10-24 18:41;-0.133333333;0.5;0;0
2016-10-24 18:28;-0.1875;1;0;0
2016-10-24 18:28;0;0;0;0
2016-10-24 18:26;-0.178571429;0.571428571;0;0
2016-10-24 18:20;0;0;0;1
2016-10-24 18:09;0;0;11;8
2016-10-24 17:23;-0.05;0.55;0;0
2016-10-24 17:15;0.390625;0.25;15;21
2016-10-24 16:43;0;0;0;1
2016-10-24 16:24;-0.5;1;1;2
2016-10-24 16:19;0.5;0.833333333;1;1
2016-10-24 15:52;1;0.75;0;0
2016-10-24 14:46;0;0;0;0
2016-10-24 14:22;0;0.1;0;0
2016-10-24 12:01;0;0;3;2
2016-10-24 10:07;0.258333333;0.538888889;0;0
2016-10-24 04:17;0;0;6;4
2016-10-24 04:04;0.5;0.5;0;0
2016-10-24 03:50;0.15;0.575;1;0
2016-10-24 03:17;0;0.125;0;0
2016-10-24 02:36;0.333333333;0.527777778;1;1
2016-10-24 02:19;0;0;0;0
2016-10-24 01:31;0;0;0;0
2016-10-24 01:28;0.5;1;0;0
2016-10-24 01:14;0.2;0.633333333;0;0
2016-10-24 00:50;0;0;0;0
2016-10-24 00:49;0;0;0;0
2016-10-24 00:14;0.2;0.5;0;0
2016-10-24 00:13;-0.071428571;0.214285714;0;0
2016-10-24 00:05;0;0;0;0
2016-10-24 00:00;-0.255555556;0.422222222;3;0
2016-10-23 23:54;0.8;0.975;0;0
2016-10-23 23:34;0.1;0.4;6;11
2016-10-23 23:23;-0.155555556;0.288888889;0;0
2016-10-23 22:55;0;0.5;1;2
2016-10-23 22:55;0.455952381;0.39047619;0;0
2016-10-23 22:54;0.375;0.2;0;1
2016-10-23 22:41;-0.068181818;0.5;0;0
2016-10-23 22:34;0;0;0;0
2016-10-23 21:49;0;0;0;0
2016-10-23 21:28;-0.066666667;0.388888889;0;0
2016-10-23 21:03;0.4;0.45;5;4
2016-10-23 20:40;0;0;2;1
2016-10-23 20:29;-0.4;0.6;0;0
2016-10-23 20:25;0;0;0;0
2016-10-23 20:11;0.5;0.2;2;2
2016-10-23 19:32;0;0;0;0
2016-10-23 19:26;0;0;2;0
2016-10-23 19:21;0.5;0.466666667;1;2
2016-10-23 19:00;0.5;1;43;81
2016-10-23 18:55;0;0;6;2
2016-10-23 18:42;0;0;1;0
2016-10-23 18:21;0.6;0.9;2;1
2016-10-23 17:52;0;1;0;0
2016-10-23 17:46;0.25;0.25;0;0
2016-10-23 17:19;0;0;1;1
2016-10-23 17:00;-0.090151515;0.4;3;0
2016-10-23 16:18;0;0;0;0
2016-10-23 14:28;-0.1;0.35;0;1
2016-10-23 14:21;-0.25;0.25;0;0
2016-10-23 06:52;0.1875;0.408333333;0;0
2016-10-23 06:51;0;0;0;0
2016-10-23 06:49;0.7;0.6;0;0
2016-10-23 06:03;0;0;0;1
2016-10-23 05:52;0;0;0;0
2016-10-23 05:35;-0.357142857;0.767857143;0;0
2016-10-23 05:30;0;0;0;1
2016-10-23 05:22;0;0.1;0;0
2016-10-23 05:20;0;0;0;1
2016-10-23 04:50;-0.625;1;1;0
2016-10-23 04:09;0.136363636;0.5;0;0
2016-10-23 04:01;0;0;0;0
2016-10-23 03:35;0.8;0.75;0;3
2016-10-23 02:24;0;0;1;1
2016-10-23 02:20;1;0.3;1;1
2016-10-23 02:07;0.8;0.4;0;0
2016-10-23 02:04;0;0;3;2
2016-10-23 02:00;0.118181818;0.418939394;0;0
2016-10-23 01:41;0;0;0;0
2016-10-23 00:36;0;0;0;0
2016-10-23 00:23;0;0;0;4
2016-10-22 23:50;0;0;0;1
2016-10-22 23:23;0;0;0;0
2016-10-22 23:18;0;0;0;0
2016-10-22 22:27;0.5;0.475;0;1
2016-10-22 21:54;0;0;0;0
2016-10-22 21:30;0.5;0.5;0;0
2016-10-22 21:07;0.5;0.5;0;1
2016-10-22 21:03;0.25;0.944444444;0;3
2016-10-22 20:49;0;0;0;0
2016-10-22 20:47;0;0;0;5
2016-10-22 20:46;0;0;0;0
2016-10-22 19:19;0.136363636;0.454545455;0;0
2016-10-22 18:52;-0.061111111;0.487777778;0;0
2016-10-22 18:44;0;0;0;0
2016-10-22 17:15;0.1;0.2;1;0
2016-10-22 15:35;0.1;1;1;4
2016-10-22 15:30;0.5;0.5;0;1
2016-10-22 15:04;0.5;0.5;1;0
2016-10-22 14:20;0;0.1;0;4
2016-10-22 14:16;0;0;0;0
2016-10-22 11:56;0.1;0.2;1;0
2016-10-22 09:41;0;0;2;2
2016-10-22 07:01;0.625;1;0;1
2016-10-22 06:15;0;0;0;6
2016-10-22 05:42;0.13;0.33;3;0
2016-10-22 05:41;0;0;0;1
2016-10-22 05:39;0;0.6;7;3
2016-10-22 04:40;0.21547619;0.711904762;0;0
2016-10-22 03:38;0.1;0.7;0;1
2016-10-22 02:34;0.566666667;0.833333333;0;0
2016-10-22 02:22;0.25;0.25;0;0
2016-10-22 01:40;0;0;0;1
2016-10-22 01:26;0;0;16;26
2016-10-22 00:51;1;0.3;4;3
2016-10-22 00:17;0.2;0.3;0;0
2016-10-22 00:17;-0.066666667;0.2;0;1
2016-10-21 23:45;0;0;4;3
2016-10-21 23:04;0;0;2;7
2016-10-21 23:03;-0.125;0.375;2;0
2016-10-21 22:52;0;0;1;1
2016-10-21 22:50;0;0;0;0
2016-10-21 22:45;0.25;0.2;0;0
2016-10-21 22:24;0;0;3;4
2016-10-21 22:02;-0.1;0.2;0;0
2016-10-21 21:55;0.65;1;4;3
2016-10-21 21:39;0;0;1;0
2016-10-21 21:25;0.5;0.5;0;1
2016-10-21 20:59;0;0;1;0
2016-10-21 20:52;0;0;1;1
2016-10-21 20:38;0.166666667;0.283333333;0;0
2016-10-21 20:38;0;0;0;1
2016-10-21 19:06;-0.083333333;0.216666667;1;1
2016-10-21 17:24;0;0;0;0
2016-10-21 16:55;-0.01010101;0.262626263;0;0
2016-10-21 16:40;-0.2;0.55;3;1
2016-10-21 16:37;0;0;0;1
2016-10-21 15:38;-0.2;0.4;0;0
2016-10-21 15:33;0;0;0;0
2016-10-21 06:20;0;0;0;1
2016-10-21 04:49;-0.5;0.75;0;9
2016-10-21 04:13;0.5;1;2;3
2016-10-21 03:47;0;0;0;0
2016-10-21 03:31;0;0;3;2
2016-10-21 02:32;0;0;0;3
2016-10-21 02:30;0.5;0.7;2;2
2016-10-21 02:03;0;0;0;2
2016-10-21 01:39;0.3;0.2;1;1
2016-10-21 01:12;0;0;0;0
2016-10-21 00:55;0.2125;0.3;0;2
2016-10-21 00:42;0;0;1;0
2016-10-21 00:40;0.55;1;0;2
2016-10-21 00:23;0;0.625;1;1
2016-10-20 23:54;0;0;0;0
2016-10-20 23:52;0;0;0;2
2016-10-20 23:30;0.334375;0.475;4;2
2016-10-20 22:36;0;0;0;0
2016-10-20 22:33;0.1;0.2;0;0
2016-10-20 22:27;0;0;9;7
2016-10-20 22:27;0.5;0.75;6;7
2016-10-20 21:51;0;0;0;0
2016-10-20 21:29;0.4;1;0;0
2016-10-20 21:21;0;0;0;0
2016-10-20 21:19;0.4;0.5;7;13
2016-10-20 21:05;0.4125;0.4125;0;0
2016-10-20 21:02;0;0;1;0
2016-10-20 21:01;0.166666667;0.283333333;0;0
2016-10-20 20:53;0;0;0;0
2016-10-20 20:52;0.75;1;0;0
2016-10-20 20:51;0.625;0.9;0;0
2016-10-20 20:11;0.433333333;0.7;0;6
2016-10-20 20:04;-0.0625;0.4;1;0
2016-10-20 19:41;0;0;4;2
2016-10-20 19:09;-0.008333333;0.466666667;1;0
2016-10-20 18:54;0.7;0.6;3;4
2016-10-20 18:34;0;0;3;2
2016-10-20 18:19;0;0;0;1
2016-10-20 17:36;0.7;0.6;0;0
2016-10-20 17:23;0.5;0.5;0;0
2016-10-20 16:57;0.211111111;0.422222222;1;1
2016-10-20 16:17;0;1;0;0
2016-10-20 16:17;0.625;0.5;0;0
2016-10-20 15:55;0.25;0.25;0;0
2016-10-20 15:44;0;0;0;0
2016-10-20 15:25;-0.4;0.4;0;0
2016-10-20 15:17;-0.4;0.7;2;0
2016-10-20 15:16;-0.4875;0.7625;0;0
2016-10-20 14:03;-0.4;0.7;0;1
2016-10-20 13:46;0;0;0;0
2016-10-20 13:39;0;0;0;0
2016-10-20 10:54;0.625;0.888888889;0;0
2016-10-20 08:59;0;0;0;0
2016-10-20 08:15;0;0;0;0
2016-10-20 07:48;0;0;0;0
2016-10-20 07:44;0;0;0;0
2016-10-20 07:43;0;0;0;0
2016-10-20 06:41;0.5;0.5;0;0
2016-10-20 06:39;0.5;0.5;0;0
2016-10-20 06:37;0;0;0;0
2016-10-20 06:35;-0.35;0.6;0;0
2016-10-20 05:47;0.15625;0.694444444;0;3
2016-10-20 05:27;0;0;1;0
2016-10-20 05:24;-0.35;0.85;0;1
2016-10-20 05:21;0;0;2;4
2016-10-20 05:20;-0.0125;0.675;0;4
2016-10-20 05:10;0;0.5;0;7
2016-10-20 05:10;-0.4;0.55;0;0
2016-10-20 04:58;0;0;0;1
2016-10-20 04:55;0;0;0;0
2016-10-20 04:52;0.3;0.2;0;1
2016-10-20 04:51;-0.85;0.833333333;0;3
2016-10-20 04:49;0;0.3625;0;0
2016-10-20 04:48;1;1;0;0
2016-10-20 03:02;0.35;0.35;1;4
2016-10-20 02:54;0.5;0.5;0;0
2016-10-20 02:02;0.375;0.35;0;0
2016-10-20 00:20;0;0;0;0
2016-10-20 00:19;0;0;0;0
2016-10-20 00:19;0.066666667;0.183333333;0;0
2016-10-19 23:11;0;1;0;1
2016-10-19 22:44;0;0;3;3
2016-10-19 22:27;0.1875;0.4375;0;1
2016-10-19 22:25;0.5;0.5;0;0
2016-10-19 22:22;-0.15;0.15;0;0
2016-10-19 22:05;-0.181818182;0.75;1;0
2016-10-19 21:42;-0.05;0.25;0;0
2016-10-19 21:38;0;0;0;0
2016-10-19 21:30;0;0;1;1
2016-10-19 21:30;0;0;8;7
2016-10-19 21:25;0;0;0;1
2016-10-19 21:16;0.136363636;0.454545455;1;0
2016-10-19 21:13;-0.125;0.375;0;0
2016-10-19 21:09;-0.05;0.4;6;3
2016-10-19 20:52;0.136363636;0.5;1;0
2016-10-19 20:49;0.5;0.5;0;0
2016-10-19 20:47;0;0;0;0
2016-10-19 20:37;0.03125;0.4625;0;0
2016-10-19 20:32;0;0;2;2
2016-10-19 20:14;0;0;3;0
2016-10-19 20:04;0;0;3;2
2016-10-19 18:40;0;0;1;3
2016-10-19 18:24;0;0;0;0
2016-10-19 18:08;0;0;0;1
2016-10-19 18:07;0.5;0.7;8;18
2016-10-19 18:01;0.333333333;0.333333333;1;0
2016-10-19 18:00;0;0;0;0
2016-10-19 17:44;0.15625;0.3;0;0
2016-10-19 17:32;0;0;5;4
2016-10-19 17:25;-0.015151515;0.393939394;0;0
2016-10-19 17:20;0.162121212;0.357070707;0;0
2016-10-19 16:00;0.2;0.2;0;0
2016-10-19 15:40;-0.3125;0.6875;11;4
2016-10-19 15:34;0.5;0.5;0;0
2016-10-19 15:24;0;1;1;2
2016-10-19 15:17;0;0;1;2
2016-10-19 14:27;0;0;0;0
2016-10-19 13:29;0;0.066666667;0;0
2016-10-19 12:00;0;0;0;0
2016-10-19 07:31;0;0;0;0
2016-10-19 06:36;-0.3;0.45;0;0
2016-10-19 06:11;0;0;0;0
2016-10-19 05:37;0;1;0;0
2016-10-19 03:00;0.2;0.3;0;0
2016-10-19 02:38;0;0;4;4
2016-10-19 02:38;0;0;1;0
2016-10-19 01:39;0;0;2;0
2016-10-19 01:35;0.5;0.888888889;0;0
2016-10-19 01:33;0.183333333;0.466666667;0;3
2016-10-19 01:27;-0.625;1;0;0
2016-10-19 01:21;0.6;0.9;0;0
2016-10-19 01:06;-0.166666667;0.833333333;0;1
2016-10-19 01:06;0.118181818;0.418939394;2;3
2016-10-19 00:54;0.25;0.3;0;0
2016-10-19 00:41;0;0;0;1
2016-10-19 00:33;0.8;1;10;15
2016-10-19 00:27;-0.166666667;0.266666667;0;0
2016-10-19 00:23;0.5;0.833333333;0;0
2016-10-19 00:05;0.5;0.5625;5;6
2016-10-18 23:45;0;0;0;0
2016-10-18 23:37;0.136363636;0.454545455;0;0
2016-10-18 23:25;0;0;0;0
2016-10-18 23:24;0;0;0;1
2016-10-18 23:11;0;0;2;2
2016-10-18 23:10;-0.1;0.1;4;1
2016-10-18 23:04;0.5;0.5;0;1
2016-10-18 22:51;0;0;2;4
2016-10-18 22:47;0;0;1;1
2016-10-18 22:42;0.125;0.1;0;0
2016-10-18 22:36;0;0;2;2
2016-10-18 22:36;0.25;0.5;6;3
2016-10-18 22:15;0;0;4;8
2016-10-18 22:04;0.507142857;0.521428571;0;0
2016-10-18 22:00;0;0;0;2
2016-10-18 21:56;0.25;0.444444444;0;4
2016-10-18 21:46;-0.15;0.783333333;0;0
2016-10-18 21:40;0;0;0;2
2016-10-18 21:24;0;0.1;0;3
2016-10-18 21:23;0;0;1;0
2016-10-18 21:17;-0.008333333;0.466666667;0;0
2016-10-18 20:58;-0.39375;0.7;0;0
2016-10-18 19:30;-0.25;0.888888889;0;0
2016-10-18 19:14;0;0;0;1
2016-10-18 17:54;1;1;2;2
2016-10-18 16:24;-0.3;0.45;3;2
2016-10-18 15:00;0;0;1;0
2016-10-18 14:40;0.5;0.833333333;1;1
2016-10-18 14:34;0.3;0.1;0;0
2016-10-18 14:16;0.2;0.2;2;1
2016-10-18 14:03;0;0.4;0;0
2016-10-18 10:39;0.1;0.4;0;2
2016-10-18 07:23;0;0.1;0;0
2016-10-18 07:11;0.133333333;0.166666667;1;0
2016-10-18 07:11;0;0;3;3
2016-10-18 07:00;0;0.1;0;1
2016-10-18 06:22;0;0;5;6
2016-10-18 06:20;0;0;5;3
2016-10-18 04:40;1;0.6;0;0
2016-10-18 04:33;0.285714286;0.535714286;0;1
2016-10-18 04:23;0;0;0;1
2016-10-18 04:21;0;0;0;1
2016-10-18 04:11;0.3;0.3;1;1
2016-10-18 04:11;0.220833333;0.379166667;1;1
2016-10-18 03:46;0;0.125;0;0
2016-10-18 03:45;0;0;0;1
2016-10-18 03:44;0;0;5;0
2016-10-18 03:43;0;0;2;0
2016-10-18 03:07;0;0;1;0
2016-10-18 03:03;0;0;2;3
2016-10-18 03:01;0;0;0;2
2016-10-18 02:40;0;0;0;0
2016-10-18 02:35;0.25;0.2;1;1
2016-10-18 01:32;0;0.5;0;1
2016-10-18 01:31;0;0;0;1
2016-10-18 00:54;0.45;0.8;0;2
2016-10-18 00:32;0;0.375;0;0
2016-10-18 00:28;0;0;3;1
2016-10-18 00:27;0.375;0.675;1;1
2016-10-18 00:18;0;0;0;0
2016-10-17 23:59;0;0;0;0
2016-10-17 23:48;0;0;1;4
2016-10-17 23:45;0;0;0;2
2016-10-17 23:42;0.8;0.875;9;18
2016-10-17 23:25;0;0;2;1
2016-10-17 22:47;0;0;1;3
2016-10-17 22:43;0;0;14;12
2016-10-17 22:42;0;0.033333333;0;0
2016-10-17 22:35;0;0;3;2
2016-10-17 22:30;0;0;0;0
2016-10-17 22:19;0;0;2;1
2016-10-17 22:18;0.170454545;0.454545455;0;1
2016-10-17 22:01;0.375;0.6;0;2
2016-10-17 21:23;0;0;1;3
2016-10-17 19:49;0;0;0;0
2016-10-17 19:45;0;0;0;0
2016-10-17 19:43;0;0;0;0
2016-10-17 19:03;-0.4;0.6;0;1
2016-10-17 19:02;0;0;1;2
2016-10-17 18:59;0.133333333;0.555555556;0;2
2016-10-17 18:36;0;0;0;3
2016-10-17 18:30;-0.314285714;0.735714286;0;0
2016-10-17 18:27;-0.65;1;0;0
2016-10-17 18:17;0;0.375;0;0
2016-10-17 17:38;0;0;1;0
2016-10-17 17:38;0;0;1;0
2016-10-17 17:30;-0.1;1;0;0
2016-10-17 17:12;-0.6;0.9;0;0
2016-10-17 17:00;0;0.6;0;0
2016-10-17 16:55;0.541666667;0.733333333;0;0
2016-10-17 16:46;0;0.1;0;0
2016-10-17 16:24;-0.5;1;1;1
2016-10-17 16:13;0.433333333;0.733333333;0;0
2016-10-17 15:49;0.1;0.4;0;2
2016-10-17 15:41;0;0;0;0
2016-10-17 15:32;0;0.066666667;0;1
2016-10-17 15:31;0;0;0;0
2016-10-17 15:26;-0.055555556;0.266666667;1;0
2016-10-17 14:49;0.233333333;0.633333333;0;0
2016-10-17 14:42;-0.125;0.375;0;2
2016-10-17 14:32;-0.3;0.45;3;6
2016-10-17 14:04;0.6;0.8;0;0
2016-10-17 13:01;0;0.05;0;1
2016-10-17 12:47;0;0;0;0
2016-10-17 08:45;0.558035714;0.535714286;0;1
2016-10-17 08:39;0;0;0;0
2016-10-17 07:18;0;0;4;7
2016-10-17 07:10;0.25;0.25;0;3
2016-10-17 07:03;0.136363636;0.454545455;0;0
2016-10-17 07:02;0.166666667;0.533333333;0;0
2016-10-17 06:59;-0.071428571;0.214285714;0;0
2016-10-17 06:52;0;0;0;0
2016-10-17 06:18;0;0;0;0
2016-10-17 06:17;0;0;0;0
2016-10-17 05:49;0.2;0.2;0;0
2016-10-17 03:41;0;0;0;0
2016-10-17 03:40;0;0;0;0
2016-10-17 02:56;0.354166667;0.708333333;0;0
2016-10-17 02:37;0;0.1;0;1
2016-10-17 02:20;0;0;0;4
2016-10-17 02:12;0;0;2;1
2016-10-17 01:59;-0.3375;0.825;1;2
2016-10-17 01:54;0.2;0.2;0;1
2016-10-17 01:36;0.23125;0.475;0;1
2016-10-17 01:06;-0.125;0.2;1;3
2016-10-17 00:47;0;0;2;1
2016-10-17 00:36;0;0;0;0
2016-10-16 23:45;0.4;0.7;0;0
2016-10-16 23:22;0;0;0;0
2016-10-16 23:20;0;0.3;1;0
2016-10-16 22:37;-0.1;0.1;0;2
2016-10-16 22:24;0;0.7;0;0
2016-10-16 22:24;0.118181818;0.418939394;0;0
2016-10-16 22:20;0;0;0;0
2016-10-16 22:16;0.25;0.3;1;1
2016-10-16 22:14;0.5;0.5;0;0
2016-10-16 22:14;0;0;0;1
2016-10-16 22:13;0;0;3;6
2016-10-16 21:56;0;0;0;0
2016-10-16 21:26;0;0;0;0
2016-10-16 20:42;0.133333333;0.808333333;0;0
2016-10-16 20:41;0;0;0;2
2016-10-16 20:41;1;0.75;1;3
2016-10-16 20:40;0;0;0;0
2016-10-16 19:57;-0.125;0.1;10;6
2016-10-16 19:19;0;0;0;1
2016-10-16 19:18;0.2;0.1;1;1
2016-10-16 19:10;0;0;2;3
2016-10-16 19:05;0;0;0;1
2016-10-16 18:05;0.25;0.25;1;2
2016-10-16 18:04;0;0;1;0
2016-10-16 18:03;0;0;0;0
2016-10-16 17:49;-0.75;0.9;3;1
2016-10-16 17:48;0;0.066666667;1;0
2016-10-16 17:10;0.2;0.3;0;0
2016-10-16 17:07;-0.475;0.591666667;0;0
2016-10-16 16:43;0;0;1;0
2016-10-16 16:14;0;0;1;0
2016-10-16 15:59;0.0625;0.5;0;0
2016-10-16 15:40;-0.5;1;0;0
2016-10-16 15:36;0;0;4;2
2016-10-16 15:27;0;0;4;3
2016-10-16 15:24;0;0;0;0
2016-10-16 15:21;0;0;0;0
2016-10-16 11:41;0;0;0;1
2016-10-16 10:49;0.266666667;0.516666667;0;0
2016-10-16 08:54;0.5;0.5;1;0
2016-10-16 08:53;-0.3;0.4;0;0
2016-10-16 05:13;-1;1;0;3
2016-10-16 04:48;-0.3;0.6;0;1
2016-10-16 04:08;0.6;1;4;2
2016-10-16 03:55;0;0;0;3
2016-10-16 03:05;0;0;0;0
2016-10-16 02:41;0;0;0;0
2016-10-16 02:41;0;0;0;0
2016-10-16 01:51;0;1;0;0
2016-10-16 01:19;0;0;0;2
2016-10-16 01:09;0;0.1;0;0
2016-10-16 01:07;0;0;0;1
2016-10-16 00:00;0;0;0;0
2016-10-16 00:00;0;0;0;0
2016-10-15 23:33;0.114583333;0.291666667;0;0
2016-10-15 22:58;0;0;0;0
2016-10-15 22:58;0.8;0.9;3;15
2016-10-15 22:45;0.25;0.3125;0;0
2016-10-15 22:44;-0.2;0.3;0;0
2016-10-15 22:16;0;0;0;0
2016-10-15 22:15;0;0;3;3
2016-10-15 22:04;-0.4;0.6;0;2
2016-10-15 22:00;0;0;0;1
2016-10-15 21:18;0;0;0;0
2016-10-15 20:37;0;0;3;3
2016-10-15 19:17;0;0;0;0
2016-10-15 19:14;-0.3;0.6;0;0
2016-10-15 19:09;0;0.066666667;1;1
2016-10-15 17:41;0;0;0;0
2016-10-15 17:30;-0.233333333;0.355555556;6;2
2016-10-15 17:12;0;0;0;0
2016-10-15 16:54;-1;1;0;0
2016-10-15 16:53;-1;1;0;2
2016-10-15 16:37;0.175;0.775;0;0
2016-10-15 15:24;-0.2125;0.775;0;3
2016-10-15 12:18;0.3125;0.75;3;4
2016-10-15 10:29;0;0;0;0
2016-10-15 06:55;0;0;1;1
2016-10-15 06:01;0;0.5;1;1
2016-10-15 05:50;0.1;0.5125;1;0
2016-10-15 05:42;0.25;0.25;0;0
2016-10-15 04:25;0.5;0.833333333;1;0
2016-10-15 04:18;0;0;1;0
2016-10-15 04:17;0.175;0.308333333;0;1
2016-10-15 03:02;-0.4;0.4;0;1
2016-10-15 02:49;0.8;0.75;0;0
2016-10-15 02:39;-0.05;0.05;2;3
2016-10-15 02:36;-0.05;0.6;1;1
2016-10-15 02:08;-0.155555556;0.288888889;4;3
2016-10-15 01:59;0;0;2;4
2016-10-15 01:47;0;0.6;0;0
2016-10-15 01:47;0.068181818;0.75;0;1
2016-10-15 01:45;0.170454545;0.5;0;1
2016-10-15 01:43;0.148181818;0.497272727;0;0
2016-10-15 00:47;0.8;1;0;1
2016-10-15 00:46;0;0;0;1
2016-10-15 00:34;0;0;0;0
2016-10-15 00:33;0;0.85;0;0
2016-10-15 00:28;0;0;0;1
2016-10-15 00:28;0;0;0;0
2016-10-15 00:25;0.8;1;0;0
2016-10-15 00:25;0;0;7;8
2016-10-15 00:13;0.9;0.825;0;0
2016-10-15 00:11;0.433333333;0.9;8;13
2016-10-15 00:10;0.25;0.75;1;2
2016-10-15 00:01;0;0.5;8;6
2016-10-14 23:43;0;0;0;0
2016-10-14 23:37;0;0;0;0
2016-10-14 23:30;0.25;0.2;0;1
2016-10-14 23:26;0;0;0;0
2016-10-14 22:53;0.2;0.2;0;1
2016-10-14 22:49;0;0;0;0
2016-10-14 22:20;0.1;0.4;0;0
2016-10-14 22:17;-0.34375;0.75;0;2
2016-10-14 22:16;0;0;0;0
2016-10-14 22:15;0.05;0.55;0;3
2016-10-14 22:10;0;0;1;0
2016-10-14 22:05;0;0;2;0
2016-10-14 21:49;0;0;3;5
2016-10-14 21:44;0;0;0;0
2016-10-14 21:41;0.5;1;0;1
2016-10-14 21:40;0.8;0.75;0;3
2016-10-14 21:40;0.5;0.5;0;0
2016-10-14 21:39;0.45;0.7;1;4
2016-10-14 21:23;0.25;0.25;0;1
2016-10-14 21:18;-0.008333333;0.466666667;7;3
2016-10-14 21:18;0;0;0;0
2016-10-14 21:11;0;0;4;3
2016-10-14 20:51;0;0;1;0
2016-10-14 19:58;0;0;0;0
2016-10-14 19:56;0;0;0;0
2016-10-14 19:56;0;0;0;0
2016-10-14 19:28;0;0;0;0
2016-10-14 19:27;0;0;0;0
2016-10-14 19:27;0;0;0;0
2016-10-14 18:58;0;0;0;0
2016-10-14 18:53;0.3;0.608333333;0;0
2016-10-14 18:42;-0.333333333;0.75;1;3
2016-10-14 18:32;0.170454545;0.454545455;2;2
2016-10-14 18:25;0.446428571;0.571428571;18;18
2016-10-14 18:20;-0.155555556;0.288888889;1;0
2016-10-14 18:11;0;0;1;0
2016-10-14 17:52;0.48;0.59;9;20
2016-10-14 17:43;0;0;7;9
2016-10-14 17:28;-0.05;0.15;0;0
2016-10-14 17:20;0;0;1;0
2016-10-14 17:17;0;0;1;0
2016-10-14 17:16;0;0;1;0
2016-10-14 17:15;0;0.1;0;0
2016-10-14 16:53;-0.6;0.9;0;0
2016-10-14 16:40;0;0;1;1
2016-10-14 15:49;-0.05;0.275;1;5
2016-10-14 15:48;-0.8;1;0;0
2016-10-14 15:45;0.025;0.225;0;0
2016-10-14 15:37;-0.625;1;0;0
2016-10-14 15:34;0.5;0.6;0;1
2016-10-14 15:34;0;0;0;0
2016-10-14 15:17;0;0;0;0
2016-10-14 15:13;0;0;0;1
2016-10-14 14:54;0.1;0.2;3;2
2016-10-14 14:44;0;0;1;0
2016-10-14 14:42;-0.1;0.566666667;0;0
2016-10-14 13:43;0;0;0;0
2016-10-14 13:41;0;0;0;1
2016-10-14 12:53;-0.155555556;0.288888889;0;0
2016-10-14 11:50;0;0;1;0
2016-10-14 07:14;0.1;0.1;0;0
2016-10-14 06:58;0.25;0.25;0;1
2016-10-14 06:54;0;0;1;1
2016-10-14 06:47;0;0;4;2
2016-10-14 06:11;0;0;3;3
2016-10-14 05:20;-0.05;0.5;0;0
2016-10-14 05:16;0;0;4;2
2016-10-14 04:25;0.136363636;0.5;0;0
2016-10-14 03:49;0;0;0;0
2016-10-14 03:38;0;0;1;0
2016-10-14 03:33;0;0.3;1;1
2016-10-14 02:30;-0.4;0.7;0;0
2016-10-14 02:25;-0.7;0.8;0;0
2016-10-14 02:23;0.142857143;0.330357143;0;0
2016-10-14 02:16;0.133333333;0.911111111;1;3
2016-10-14 02:06;0.15;0.6;0;0
2016-10-14 01:56;0.4;0.5;0;0
2016-10-14 01:22;0.3;0.35;1;1
2016-10-14 01:17;0;0;0;0
2016-10-14 01:17;0;0;0;0
2016-10-14 01:15;-0.05;0.383333333;0;0
2016-10-14 01:06;0;0;0;1
2016-10-14 01:05;0;0;0;2
2016-10-14 01:02;-0.025;0.45;0;1
2016-10-14 00:58;0.5;0.6;0;0
2016-10-14 00:54;0.266071429;0.45297619;0;0
2016-10-14 00:43;0.4;1;0;0
2016-10-14 00:38;0;0;0;1
2016-10-14 00:36;0;0;12;12
2016-10-14 00:35;0;0;2;1
2016-10-14 00:28;0;0.066666667;0;0
2016-10-14 00:12;0.5;0.5;1;0
2016-10-14 00:11;0;0;2;1
2016-10-14 00:09;0;0;1;0
2016-10-14 00:00;0;0;0;0
2016-10-13 23:59;0;0;2;1
2016-10-13 23:58;0.6;1;0;0
2016-10-13 23:58;0.5;1;0;1
2016-10-13 23:55;0;0;0;0
2016-10-13 23:53;0.25;0.333333333;0;0
2016-10-13 23:33;0.7375;0.8;0;1
2016-10-13 23:10;0;0.1;0;0
2016-10-13 23:07;0;0;1;1
2016-10-13 23:06;0;0;0;1
2016-10-13 22:40;0.5;0.5;0;0
2016-10-13 22:35;0;0;0;1
2016-10-13 22:05;0.25;0.361111111;0;0
2016-10-13 21:57;0.136363636;0.454545455;0;0
2016-10-13 21:53;0.125;0.175;0;0
2016-10-13 21:52;0;0;3;1
2016-10-13 21:50;0;0;1;0
2016-10-13 21:22;0;0;0;1
2016-10-13 21:21;0.5;0.833333333;0;0
2016-10-13 21:20;0.5;0.5;0;0
2016-10-13 21:02;0;0;1;1
2016-10-13 21:01;0;0;1;1
2016-10-13 20:47;0.5;0.833333333;0;0
2016-10-13 20:34;0;0;1;1
2016-10-13 19:59;0.125;0.7;0;0
2016-10-13 19:52;0.172222222;0.366666667;1;1
2016-10-13 19:49;1;1;0;2
2016-10-13 19:32;0;0;0;0
2016-10-13 19:27;0.3;0.508333333;1;0
2016-10-13 19:25;0.46;0.753333333;4;7
2016-10-13 19:14;0.213068182;0.454545455;1;0
2016-10-13 18:47;0;0;0;0
2016-10-13 18:34;0;0;1;4
2016-10-13 17:55;0;0;0;0
2016-10-13 17:40;0;0;0;1
2016-10-13 17:37;0.3125;0.2;1;1
2016-10-13 17:33;0.375;0.75;0;0
2016-10-13 16:38;0;0.4;0;0
2016-10-13 16:36;0;0;0;0
2016-10-13 16:24;0;0;0;2
2016-10-13 16:01;0.325;0.670833333;0;0
2016-10-13 15:23;0;0;0;0
2016-10-13 15:13;0;0;0;0
2016-10-13 15:04;0;0;1;0
2016-10-13 13:58;0;0.666666667;0;0
2016-10-13 13:35;0;0;0;1
2016-10-13 12:04;0.5;0.5;0;0
2016-10-13 10:18;0.1;0.15;0;0
2016-10-13 08:54;0.118181818;0.418939394;1;0
2016-10-13 06:11;0.001388889;0.606944444;0;0
2016-10-13 05:32;-0.6;0.9;0;0
2016-10-13 05:10;-0.05;0.35;0;0
2016-10-13 05:08;0;0;0;0
2016-10-13 05:08;0;0;23;7
2016-10-13 05:06;0.2;0.1;11;7
2016-10-13 04:59;0;0;0;0
2016-10-13 04:56;-0.083333333;0.3;0;0
2016-10-13 04:51;0;0;4;1
2016-10-13 04:08;0.3;0.608333333;0;0
2016-10-13 03:20;0.011160714;0.564732143;0;0
2016-10-13 03:05;0;0;0;0
2016-10-13 02:49;0;0;0;2
2016-10-13 02:30;0.1;0.758333333;1;2
2016-10-13 02:29;0;0;0;0
2016-10-13 02:26;0;0;0;0
2016-10-13 01:53;0;0;1;0
2016-10-13 01:32;0;0;2;1
2016-10-13 01:08;0;0.1;1;4
2016-10-13 01:05;0.286111111;0.484722222;0;0
2016-10-13 01:03;0;0;1;1
2016-10-13 01:00;0;0;0;0
2016-10-13 01:00;0.204166667;0.570833333;7;8
2016-10-13 00:58;0.086111111;0.214930556;0;0
2016-10-13 00:54;0;0.1;1;3
2016-10-13 00:41;0.5;0.5;0;0
2016-10-13 00:39;0;0;0;0
2016-10-13 00:38;0.333333333;0.133333333;4;6
2016-10-13 00:36;0;0;0;0
2016-10-13 00:34;-0.125;0.375;12;6
2016-10-13 00:34;0;0.75;0;0
2016-10-13 00:33;0.357142857;0.571428571;0;0
2016-10-13 00:32;0;0;0;1
2016-10-13 00:32;0.1;0.8;0;1
2016-10-13 00:32;0;0;0;1
2016-10-13 00:31;-0.166666667;0.333333333;0;2
2016-10-13 00:30;0;0;40;94
2016-10-13 00:30;0.45;0.75;0;3
2016-10-13 00:27;0;0;0;1
2016-10-13 00:19;-0.1;0.4;1;0
2016-10-13 00:17;0.2;0.2;0;1
2016-10-13 00:17;0.145833333;0.712962963;0;0
2016-10-13 00:16;0;0;0;0
2016-10-13 00:15;-1;0.8;2;1
2016-10-13 00:12;0;0.1;1;1
2016-10-13 00:06;0.1;0.15;0;1
2016-10-13 00:02;-0.155555556;0.288888889;0;0
2016-10-12 23:59;0;0;2;7
2016-10-12 23:33;0.27;0.58;9;7
2016-10-12 23:27;0;0.1;1;3
2016-10-12 23:25;-0.066666667;0.666666667;7;11
2016-10-12 23:21;0;0;1;2
2016-10-12 23:16;0;0;63;54
2016-10-12 22:42;0;0;0;0
2016-10-12 22:21;0;0;2;1
2016-10-12 22:16;0.05;0.1;0;1
2016-10-12 22:02;0;0;11;10
2016-10-12 21:38;0.391666667;0.691666667;0;0
2016-10-12 21:28;0.15;0.491666667;0;0
2016-10-12 21:21;0;0;0;2
2016-10-12 21:14;0;0;0;1
2016-10-12 21:14;0;1;0;0
2016-10-12 20:42;0;0;0;0
2016-10-12 20:34;0;0.1;28;26
2016-10-12 20:16;0;0;2;1
2016-10-12 19:57;1;1;7;9
2016-10-12 19:52;0;0;0;0
2016-10-12 19:48;0;0;2;3
2016-10-12 19:45;0.6;1;5;4
2016-10-12 19:30;0;0;0;0
2016-10-12 19:22;0;0;6;11
2016-10-12 19:22;0;0;1;1
2016-10-12 19:21;0.283333333;0.366666667;0;2
2016-10-12 19:21;0;0;2;1
2016-10-12 19:12;0.375;0.5;2;4
2016-10-12 19:12;0.5;0.55;0;0
2016-10-12 19:10;0.1;0.05;0;0
2016-10-12 19:05;0.271380471;0.581144781;3;2
2016-10-12 19:03;0;0.5;4;3
2016-10-12 18:59;0;0;2;1
2016-10-12 18:55;0;0.5;0;0
2016-10-12 18:54;0;0;6;3
2016-10-12 18:42;0.175;0.3;2;4
2016-10-12 18:29;0;0;2;3
2016-10-12 18:28;-0.8;1;0;0
2016-10-12 18:27;0.36;0.48;0;1
2016-10-12 18:24;0;0;0;0
2016-10-12 18:20;0;0;0;0
2016-10-12 18:15;0.390625;0.25;0;0
2016-10-12 18:03;0;0;0;0
2016-10-12 18:01;0;0;0;0
2016-10-12 17:57;0.016666667;0.716666667;0;0
2016-10-12 17:57;0;0;0;0
2016-10-12 17:53;0;0;2;3
2016-10-12 17:51;0;0;1;1
2016-10-12 17:49;0;0.066666667;0;0
2016-10-12 17:47;0;0;0;1
2016-10-12 17:46;0;0.7;2;2
2016-10-12 17:42;0;0;0;0
2016-10-12 17:37;0;0;0;0
2016-10-12 17:17;0.333333333;0.766666667;1;2
2016-10-12 17:05;0.6;1;0;1
2016-10-12 17:00;0.35;0.616666667;0;0
2016-10-12 16:59;0;0.375;3;5
2016-10-12 16:49;0;0.4;0;0
2016-10-12 16:45;0;0;0;1
2016-10-12 16:41;0;0;2;1
2016-10-12 16:09;0.25;0.9;1;3
2016-10-12 16:07;0;0;2;3
2016-10-12 16:03;0;0;0;5
2016-10-12 15:47;0;1;0;1
2016-10-12 15:41;0;0;0;0
2016-10-12 15:40;0.5;0.833333333;1;0
2016-10-12 15:36;0.7;0.6;2;3
2016-10-12 15:15;0;0;9;4
2016-10-12 15:12;0.118181818;0.418939394;0;0
2016-10-12 15:07;0;0.5;0;2
2016-10-12 14:46;0;0;1;2
2016-10-12 14:26;-0.033333333;0.033333333;0;0
2016-10-12 14:20;0;0.033333333;0;0
2016-10-12 13:37;0.28;0.48;0;0
2016-10-12 10:23;-0.1;0.2;0;1
2016-10-12 10:10;0;0;0;0
2016-10-12 10:08;0;0;3;1
2016-10-12 08:57;0;0;1;2
2016-10-12 08:55;0.6;1;1;0
2016-10-12 08:06;0;0;1;1
2016-10-12 06:41;0;0;0;1
2016-10-12 06:38;0;0;1;2
2016-10-12 06:37;1;0.3;2;4
2016-10-12 06:34;-0.291666667;0.541666667;0;3
2016-10-12 06:31;-0.125;0.375;2;2
2016-10-12 06:30;-0.214285714;0.696428571;2;1
2016-10-12 06:29;0.5;0.888888889;1;2
2016-10-12 06:27;-0.5;0.9;1;2
2016-10-12 06:25;0;0;0;0
2016-10-12 05:47;0;0;7;6
2016-10-12 05:45;-0.083333333;0.533333333;0;0
2016-10-12 05:44;0;0;0;0
2016-10-12 05:14;0.2;0.55;0;0
2016-10-12 04:52;0.2;0.55;0;0
2016-10-12 04:32;0;0.5;2;1
2016-10-12 04:29;0.875;0.6;0;0
2016-10-12 03:37;0.3125;0.25;0;0
2016-10-12 02:57;0;0.75;1;1
2016-10-12 02:55;0.138888889;0.511111111;0;1
2016-10-12 02:53;0;0;0;1
2016-10-12 02:50;0;0;0;1
2016-10-12 02:28;-0.8;1;0;0
2016-10-12 02:25;0;0;0;0
2016-10-12 02:22;-0.275;0.625;2;2
2016-10-12 02:04;-1;1;0;1
2016-10-12 01:55;0;0;0;0
2016-10-12 01:52;0;0;0;0
2016-10-12 01:51;0;0;0;0
2016-10-12 01:50;0.75;0.95;5;11
2016-10-12 01:48;0;0;1;1
2016-10-12 01:34;-0.25;0.391666667;0;0
2016-10-12 01:33;0.428571429;0.635714286;3;2
2016-10-12 01:31;1;1;0;0
2016-10-12 01:26;0;0;0;1
2016-10-12 01:18;0.533333333;0.3;7;4
2016-10-12 01:17;0;0;5;5
2016-10-12 01:13;-0.375;0.5;0;1
2016-10-12 01:11;-1;1;1;1
2016-10-12 01:08;0.6;0.55;0;0
2016-10-12 01:07;0;0;3;2
2016-10-12 00:58;0.35;0.65;0;1
2016-10-12 00:57;0;0;0;1
2016-10-12 00:48;0.016666667;0.158333333;0;0
2016-10-12 00:48;0.468181818;0.602272727;2;8
2016-10-12 00:42;0.5;0.5;0;0
2016-10-12 00:38;0.0625;0.225;0;0
2016-10-12 00:36;0;0;2;1
2016-10-12 00:36;0.08;0.32;0;0
2016-10-12 00:28;-0.25;0.25;7;4
2016-10-12 00:03;0;0;3;1
2016-10-11 23:55;-0.5;0.9;0;0
2016-10-11 22:51;0;0;0;0
2016-10-11 22:49;0.75;0.9;0;0
2016-10-11 22:35;0;0;0;1
2016-10-11 22:12;0.325;0.325;0;0
2016-10-11 21:25;0;0;1;0
2016-10-11 21:02;0;0;0;1
2016-10-11 20:49;0;0;0;1
2016-10-11 20:39;0;0;6;6
2016-10-11 20:38;-0.1875;0.1;3;0
2016-10-11 20:36;-0.5;1;0;0
2016-10-11 20:30;0.25;0.3;2;2
2016-10-11 20:10;0.25;0.275;0;0
2016-10-11 19:59;-0.125;0.375;3;1
2016-10-11 19:36;0.5;0.5;0;0
2016-10-11 19:15;0;0;0;0
2016-10-11 19:14;0.133333333;0.4;1;1
2016-10-11 19:13;0;0;0;0
2016-10-11 18:03;0.066666667;0.633333333;0;0
2016-10-11 17:33;0;0;0;0
2016-10-11 17:21;0;0;0;0
2016-10-11 17:20;0;0.5;0;0
2016-10-11 17:16;0;0;0;0
2016-10-11 17:02;0;0;1;1
2016-10-11 16:45;-0.125;0.375;1;1
2016-10-11 16:44;0;0.1;0;1
2016-10-11 16:14;-0.025;0.378571429;0;0
2016-10-11 16:10;0;0.39;0;0
2016-10-11 16:00;0;0;3;1
2016-10-11 15:58;0;0.125;1;1
2016-10-11 15:50;0.625;0.5;0;0
2016-10-11 15:17;0.2;0.65;0;0
2016-10-11 14:33;-0.8;1;0;0
2016-10-11 14:15;0;0.5;0;0
2016-10-11 14:06;0;0.1125;0;0
2016-10-11 14:01;0;0;0;2
2016-10-11 14:00;0.6;0.575;0;0
2016-10-11 13:50;-0.155555556;0.288888889;0;1
2016-10-11 11:14;0;0;0;0
2016-10-11 11:14;0;0;0;0
2016-10-11 06:58;0;0;0;0
2016-10-11 06:37;-0.3125;0.6875;0;0
2016-10-11 06:33;0;0;0;0
2016-10-11 06:32;-0.077777778;0.644444444;0;0
2016-10-11 05:22;0;0;0;0
2016-10-11 04:52;0;0;0;1
2016-10-11 04:10;0;0;3;2
2016-10-11 03:39;0;0.5;0;1
2016-10-11 03:00;0.266666667;0.516666667;0;0
2016-10-11 02:54;0.5;0.5;0;0
2016-10-11 02:49;0;0.1;0;0
2016-10-11 02:38;0.136363636;0.454545455;0;0
2016-10-11 02:36;-0.027777778;0.244444444;0;0
2016-10-11 02:32;0;0;3;1
2016-10-11 01:39;0;0;0;0
2016-10-11 01:36;-0.1;0.366666667;0;0
2016-10-11 01:32;0;0;0;0
2016-10-11 01:30;0;0;0;0
2016-10-11 01:29;0;0;0;1
2016-10-11 01:18;-0.140277778;0.331944444;0;0
2016-10-11 01:10;0;0;0;0
2016-10-11 00:56;0.125;0.166666667;0;1
2016-10-11 00:54;-0.027777778;0.344444444;0;0
2016-10-11 00:38;0.5;0.5;1;0
2016-10-11 00:25;-0.05;0.4;1;8
2016-10-11 00:25;-0.0375;0.625;0;0
2016-10-11 00:11;0;0;0;0
2016-10-10 23:34;0;0;0;0
2016-10-10 23:33;0.416666667;0.583333333;1;1
2016-10-10 23:14;0;0;1;1
2016-10-10 23:09;-0.2;0.5;0;1
2016-10-10 23:07;-0.516666667;0.55;0;0
2016-10-10 22:58;-0.183333333;0.383333333;0;0
2016-10-10 22:49;0;0;1;1
2016-10-10 22:44;0;0;0;0
2016-10-10 22:39;0.15;0.525;0;1
2016-10-10 22:34;0;0.25;1;3
2016-10-10 22:21;0;0;0;1
2016-10-10 22:20;0;0;0;0
2016-10-10 22:15;0;0;0;0
2016-10-10 22:00;0.8;1;0;0
2016-10-10 21:58;0.1;0.325;0;0
2016-10-10 21:54;0;0;0;2
2016-10-10 21:48;0;0;0;0
2016-10-10 21:46;0;0;0;1
2016-10-10 21:44;0.1;0.1;0;0
2016-10-10 21:33;0;0;0;0
2016-10-10 21:30;0;0;0;0
2016-10-10 21:27;0.35;0.55;14;28
2016-10-10 21:26;0;0;0;0
2016-10-10 21:24;0;0;0;0
2016-10-10 20:59;-0.3;0.55;0;11
2016-10-10 20:53;0;0.125;0;0
2016-10-10 20:52;-0.155555556;0.288888889;0;1
2016-10-10 20:34;0;0;1;2
2016-10-10 20:25;-0.6;0.9;1;1
2016-10-10 20:25;0;0;0;2
2016-10-10 20:24;0;0;2;1
2016-10-10 20:23;0;1;0;0
2016-10-10 20:23;0;0;0;0
2016-10-10 20:22;0;0;0;0
2016-10-10 20:03;0;0;0;0
2016-10-10 19:19;0.8;0.4;0;0
2016-10-10 19:09;-0.45;0.561111111;0;0
2016-10-10 19:02;0.65;0.45;0;3
2016-10-10 18:56;0;0;0;0
2016-10-10 18:55;0;0;0;0
2016-10-10 18:49;0.5;0.833333333;0;0
2016-10-10 18:44;0;0;0;1
2016-10-10 18:33;0;0;0;0
2016-10-10 18:33;0;0;2;1
2016-10-10 18:30;0.5;0.5;1;0
2016-10-10 18:30;-0.4;0.7;0;0
2016-10-10 18:27;-0.9;1;0;0
2016-10-10 18:26;-0.6;0.9;0;0
2016-10-10 18:18;0;0;5;3
2016-10-10 18:10;0.433333333;0.833333333;0;3
2016-10-10 18:05;0.25;0.25;0;0
2016-10-10 17:47;0;0;0;0
2016-10-10 17:44;0;0.3;0;0
2016-10-10 17:33;0;0;0;0
2016-10-10 17:16;-0.5;0.9;0;0
2016-10-10 17:15;0.25;0.5;4;1
2016-10-10 17:09;-0.194444444;0.288888889;0;0
2016-10-10 17:02;0;0;1;0
2016-10-10 16:51;-0.2;0.4;0;1
2016-10-10 16:29;-0.7;0.666666667;0;0
2016-10-10 16:19;0;0;1;1
2016-10-10 16:18;-0.183333333;0.33;0;1
2016-10-10 16:18;0;0;0;1
2016-10-10 15:59;0;0;1;3
2016-10-10 15:56;0.051785714;0.627142857;2;1
2016-10-10 15:56;-0.2;0.05;0;1
2016-10-10 15:51;0;0;0;1
2016-10-10 15:48;0;0;1;3
2016-10-10 15:42;0.285714286;0.535714286;7;10
2016-10-10 15:34;0;0;0;0
2016-10-10 15:30;0;0;4;0
2016-10-10 15:21;-0.2;0.85;0;1
2016-10-10 15:15;0.114583333;0.291666667;0;0
2016-10-10 15:03;0.25;0.333333333;0;1
2016-10-10 14:58;0.442857143;0.767857143;0;1
2016-10-10 14:54;0.25;1;2;1
2016-10-10 14:40;0;0.1;36;48
2016-10-10 14:25;0;0;5;11
2016-10-10 14:25;0;0;0;0
2016-10-10 13:12;0;0;0;0
2016-10-10 13:08;0;0;0;0
2016-10-10 11:42;0;0;0;0
2016-10-10 11:30;-0.155555556;0.288888889;0;0
2016-10-10 09:31;0;0;1;1
2016-10-10 08:33;-0.3;0.1;1;3
2016-10-10 08:06;0.625;0.5;0;0
2016-10-10 07:32;0;0;1;1
2016-10-10 07:31;0;0;0;1
2016-10-10 07:03;0.175;0.325;0;0
2016-10-10 06:57;0;0;3;1
2016-10-10 06:46;0.6;0.8;10;23
2016-10-10 04:59;0;0;1;1
2016-10-10 04:50;0;0;0;0
2016-10-10 04:25;0;0;0;0
2016-10-10 04:14;-0.016666667;0.258333333;0;0
2016-10-10 04:07;-0.3;0.5;0;0
2016-10-10 04:05;0;0;2;2
2016-10-10 03:50;0;0;0;0
2016-10-10 03:37;0;0;1;0
2016-10-10 03:34;0;0;0;0
2016-10-10 03:10;-0.2;0.05;0;0
2016-10-10 03:04;0.25;0.25;0;0
2016-10-10 02:58;0;0;0;0
2016-10-10 02:51;0;0;2;5
2016-10-10 02:48;0.2;0.3;0;0
2016-10-10 02:43;0;0;0;0
2016-10-10 02:38;0;0;4;0
2016-10-10 02:25;0;0;0;0
2016-10-10 02:24;-0.1;1;1;3
2016-10-10 02:19;0;0;1;1
2016-10-10 02:11;0;0;0;0
2016-10-10 02:05;0.15;0.65;3;4
2016-10-10 01:59;0.6;1;0;0
2016-10-10 01:35;0;0;1;0
2016-10-10 01:32;0.1;0.3;0;0
2016-10-10 01:32;0;0;3;1
2016-10-10 01:29;1;1;0;0
2016-10-10 01:27;0;0;0;0
2016-10-10 01:12;0.8;0.9;0;1
2016-10-10 01:10;0.25;0.25;1;1
2016-10-10 01:03;0;0;0;0
2016-10-10 01:00;0;0;0;0
2016-10-10 00:59;0;0;0;0
2016-10-10 00:52;-0.125;0.5625;0;0
2016-10-10 00:49;0;0;4;1
2016-10-10 00:49;0.375;0.944444444;0;0
2016-10-10 00:48;-0.25;0.4625;0;0
2016-10-10 00:44;0;0;0;0
2016-10-10 00:40;0;0;0;0
2016-10-10 00:38;0.278571429;0.835714286;0;0
2016-10-10 00:37;0;0;1;0
2016-10-10 00:35;0;0;0;1
2016-10-10 00:33;0;0;0;1
2016-10-10 00:33;-0.5;1;0;0
2016-10-10 00:33;0;0.083333333;0;1
2016-10-10 00:33;0;0.066666667;0;0
2016-10-10 00:31;0;0;0;0
2016-10-10 00:30;-0.7;0.9;0;2
2016-10-10 00:30;0;0;0;2
2016-10-10 00:29;0.166666667;0.666666667;2;1
2016-10-10 00:27;-0.194444444;0.416666667;156;226
2016-10-10 00:21;-0.05;0.4;2;2
2016-10-10 00:06;0.125;0.75;0;0
2016-10-10 00:04;0;0;0;0
2016-10-10 00:01;0;0;1;0
2016-10-09 23:56;0;0;0;1
2016-10-09 23:52;0;0;0;0
2016-10-09 23:49;0;0;0;0
2016-10-09 23:46;0;0;0;0
2016-10-09 23:46;-0.5;0.45;0;0
2016-10-09 23:43;0;0;0;0
2016-10-09 23:40;0;0;2;1
2016-10-09 23:37;1;1;0;1
2016-10-09 23:32;0;0;0;0
2016-10-09 23:28;0.125;0.25;0;0
2016-10-09 23:19;0;0;0;0
2016-10-09 22:32;0;0;0;1
2016-10-09 22:32;0;0;2;4
2016-10-09 22:16;0.2;0.1;1;1
2016-10-09 22:15;0;0;0;1
2016-10-09 22:10;0;0;0;2
2016-10-09 21:45;0;0;0;0
2016-10-09 21:42;0;0;0;0
2016-10-09 21:33;0;0;0;0
2016-10-09 20:31;0;0;2;1
2016-10-09 20:15;0;0;2;1
2016-10-09 20:02;0.05;0.438888889;0;0
2016-10-09 19:55;0;0;0;0
2016-10-09 19:46;0.25;0.25;0;0
2016-10-09 19:42;0;0;0;0
2016-10-09 19:32;0;0;4;2
2016-10-09 19:06;0;0;5;3
2016-10-09 19:03;0.5;0.833333333;0;0
2016-10-09 19:01;0.2;0.15;0;0
2016-10-09 18:45;0;0;4;1
2016-10-09 18:35;0;0;0;0
2016-10-09 17:57;1;0.6;0;1
2016-10-09 17:46;-0.5;1;0;0
2016-10-09 17:37;0.4;0.4;0;0
2016-10-09 17:29;0;0.25;0;0
2016-10-09 17:18;0;0;0;0
2016-10-09 17:12;0;1;0;0
2016-10-09 16:50;0;0;1;3
2016-10-09 15:53;0;0;0;0
2016-10-09 15:52;0;0;0;0
2016-10-09 15:46;0.2;0.35;1;0
2016-10-09 15:08;0;0;5;0
2016-10-09 14:46;-0.25;0.25;0;0
2016-10-09 14:38;0;0;0;0
2016-10-09 14:30;0;0;2;0
2016-10-09 14:17;0;1;0;0
2016-10-09 14:16;0.375;0.75;0;0
2016-10-09 12:50;0;0;0;0
2016-10-09 11:28;0;0;2;0
2016-10-09 10:02;0;0;1;0
2016-10-09 09:48;0.5;0.5;0;0
2016-10-09 09:31;0;0;1;0
2016-10-09 09:11;0;0.1;0;0
2016-10-09 07:44;0;0;0;1
2016-10-09 07:20;0;0;0;0
2016-10-09 07:14;0;0;0;0
2016-10-09 07:13;-0.166666667;0.5;4;3
2016-10-09 06:24;0.5;0.5;2;3
2016-10-09 06:12;0;0;0;0
2016-10-09 06:09;0;0;0;0
2016-10-09 06:06;0;0;1;3
2016-10-09 05:34;0;0.25;1;0
2016-10-09 05:28;-0.6;0.95;1;1
2016-10-09 05:14;0.5;0.5;0;0
2016-10-09 05:12;0;0;0;0
2016-10-09 05:07;0;0;0;0
2016-10-09 04:41;0;0;1;0
2016-10-09 04:29;0.5;0.833333333;0;0
2016-10-09 04:25;-0.028571429;0.714285714;0;1
2016-10-09 04:15;0.5;0.791666667;0;0
2016-10-09 04:05;0.025;0.55;0;1
2016-10-09 03:57;-0.75;0.75;1;3
2016-10-09 03:32;-0.35;0.55;2;1
2016-10-09 03:24;-1;1;0;0
2016-10-09 03:16;-0.2;0.833333333;1;1
2016-10-09 03:14;0;0;0;1
2016-10-09 03:12;-0.4375;0.5625;0;0
2016-10-09 02:56;-0.033333333;0.896296296;0;1
2016-10-09 02:52;0.275;0.3875;0;0
2016-10-09 02:35;0;0;4;3
2016-10-09 02:32;0;0.1;0;2
2016-10-09 02:31;-0.5;0.3;0;1
2016-10-09 02:28;0.1;0.6;0;0
2016-10-09 02:23;0;0;4;7
2016-10-09 02:23;0;0;0;0
2016-10-09 02:21;1;1;0;0
2016-10-09 02:10;0.5;0.5;0;0
2016-10-09 02:07;0.7;0.6;0;0
2016-10-09 02:07;-0.016666667;0.25;1;2
2016-10-09 02:02;0;0;0;0
2016-10-09 01:59;0;0;0;0
2016-10-09 01:45;0;0;0;0
2016-10-09 01:44;0;0;0;0
2016-10-09 01:41;-0.025;0.325;0;0
2016-10-09 01:30;0.2;0.2;0;0
2016-10-09 01:29;0;0.6;0;0
2016-10-09 01:23;-0.375;0.2;1;1
2016-10-09 01:17;0.1;0.2;1;0
2016-10-09 01:15;1;0.3;2;0
2016-10-09 01:10;0;0;0;0
2016-10-09 01:10;0;0;0;0
2016-10-09 01:04;0.5;0.666666667;0;1
2016-10-09 01:04;-0.4;0.5;2;3
2016-10-09 00:59;0.5;1;0;0
2016-10-09 00:51;0.25;0.416666667;0;0
2016-10-09 00:48;0.5;0.5;0;0
2016-10-08 23:54;0;0;0;0
2016-10-08 23:35;0;0;0;0
2016-10-08 23:34;-0.05;0.4;0;1
2016-10-08 23:31;0;0;0;1
2016-10-08 23:25;0.433333333;0.733333333;0;0
2016-10-08 23:19;0;0;0;2
2016-10-08 23:00;0.166666667;0.5;0;1
2016-10-08 22:55;0;0;0;0
2016-10-08 22:54;0;0;0;0
2016-10-08 22:54;0;0;0;0
2016-10-08 22:54;0.285714286;0.535714286;0;0
2016-10-08 22:49;0;0;7;8
2016-10-08 22:32;0.1;0.05;0;1
2016-10-08 22:17;0;0;1;0
2016-10-08 22:05;-0.4375;0.4625;0;0
2016-10-08 22:04;0;0;0;0
2016-10-08 21:53;0;0;13;11
2016-10-08 21:41;-0.1;0.5;0;0
2016-10-08 21:22;0;0;0;0
2016-10-08 21:12;0.125;0.175;0;0
2016-10-08 21:08;0.4125;0.8;0;1
2016-10-08 21:07;0;0;0;0
2016-10-08 21:05;0;0;0;0
2016-10-08 21:02;0.191666667;0.241666667;0;0
2016-10-08 20:58;0.8;1;0;0
2016-10-08 20:58;0.0125;0.5125;0;1
2016-10-08 20:56;0;0;1;0
2016-10-08 20:56;0;0;0;0
2016-10-08 20:56;0.525;0.325;0;0
2016-10-08 20:56;-0.333333333;1;0;0
2016-10-08 20:55;0;0;2;1
2016-10-08 20:55;0.625;0.833333333;0;0
2016-10-08 20:54;0;0;0;0
2016-10-08 20:54;0.466666667;0.666666667;0;0
2016-10-08 20:54;0.75;0.6;1;1
2016-10-08 20:54;-0.1;0.279166667;0;0
2016-10-08 20:53;0;0;0;2
2016-10-08 20:45;0;0;0;0
2016-10-08 20:35;0.35;0.55;25;39
2016-10-08 20:27;-0.3;0.4;0;0
2016-10-08 20:23;0;0;0;0
2016-10-08 20:19;0.625;0.5;0;0
2016-10-08 20:19;-0.0375;0.3625;0;0
2016-10-08 20:19;-0.0625;0.5625;0;0
2016-10-08 20:16;0.15;0.3;0;0
2016-10-08 20:14;0.25;0.394444444;7;7
2016-10-08 20:14;-0.317708333;0.345833333;0;0
2016-10-08 20:03;-0.3;0.55;0;0
2016-10-08 20:00;0;0;1;0
2016-10-08 19:58;0.160714286;0.473214286;4;5
2016-10-08 19:53;0.1;0.1;0;2
2016-10-08 19:46;0.416666667;0.666666667;4;1
2016-10-08 19:42;-0.05;0.338888889;0;1
2016-10-08 19:40;-1;1;0;0
2016-10-08 19:37;0;0.1;0;0
2016-10-08 19:37;0;0;0;0
2016-10-08 19:33;0;0;0;0
2016-10-08 19:33;0;0;0;0
2016-10-08 19:16;0;0;0;0
2016-10-08 19:15;0.4;0.3;0;0
2016-10-08 19:12;0;0;0;0
2016-10-08 19:11;-0.2;0.325;0;0
2016-10-08 19:06;0.5;0.5;1;2
2016-10-08 19:01;1;0.3;0;0
2016-10-08 18:53;-0.2;0.5;0;1
2016-10-08 18:47;0.1;1;7;0
2016-10-08 18:39;0.25;0.45;0;4
2016-10-08 18:34;-0.234027778;0.194444444;0;0
2016-10-08 18:28;-0.375;0.65;1;0
2016-10-08 18:24;0.625;0.5;2;3
2016-10-08 18:21;0;0;0;0
2016-10-08 18:20;0.2;0.677777778;0;0
2016-10-08 18:17;0.5;0.833333333;1;4
2016-10-08 18:09;0.3125;0.25;0;0
2016-10-08 17:58;-0.7;1;0;0
2016-10-08 17:57;0;0;0;2
2016-10-08 17:53;0.5;0.833333333;0;0
2016-10-08 17:52;0.5;0.5;1;7
2016-10-08 17:52;0;0;0;1
2016-10-08 17:50;0.25;0.25;0;0
2016-10-08 17:49;0;0;1;1
2016-10-08 17:49;0;0;0;0
2016-10-08 17:46;0.5;0.5;14;13
2016-10-08 17:45;0.1;0.383333333;0;2
2016-10-08 17:44;0.5;0.666666667;0;3
2016-10-08 17:40;0;0.25;2;0
2016-10-08 17:37;0;0.1;1;0
2016-10-08 17:32;-0.05;0.4;40;46
2016-10-08 17:24;0.3;0.5;0;1
2016-10-08 17:24;-0.138095238;0.567460317;2;2
2016-10-08 17:23;-0.75;1;0;0
2016-10-08 17:17;0.45;0.75;0;0
2016-10-08 17:16;0;0;0;0
2016-10-08 17:11;-0.2;0.1;3;4
2016-10-08 17:01;0;0;0;1
2016-10-08 16:58;0;0;2;3
2016-10-08 16:48;0;0;0;0
2016-10-08 16:36;0;0;0;0
2016-10-08 16:34;0;0;1;1
2016-10-08 16:34;0.75;0.75;0;1
2016-10-08 16:27;0;0;0;1
2016-10-08 16:26;0;0;0;0
2016-10-08 16:24;-0.025;0.216666667;0;0
2016-10-08 16:24;0;0.916666667;0;0
2016-10-08 16:21;0.5;0.833333333;0;0
2016-10-08 16:21;0.166666667;0.416666667;0;0
2016-10-08 16:18;0.125;0.525;1;3
2016-10-08 16:18;0;0.5;0;2
2016-10-08 16:17;-0.1;0.2;0;0
2016-10-08 16:10;0;0;0;1
2016-10-08 16:09;0;0;0;0
2016-10-08 15:46;0;0;0;0
2016-10-08 15:38;0.625;0.6;0;1
2016-10-08 15:37;0.2;0.5;0;2
2016-10-08 15:10;-0.025;0.75;0;0
2016-10-08 14:49;0;0;3;4
2016-10-08 14:48;0;0;0;0
2016-10-08 14:20;-0.195;0.52;1;6
2016-10-08 14:14;0.5;0.75;0;0
2016-10-08 14:09;0;0;3;3
2016-10-08 13:06;0;0;1;0
2016-10-08 12:12;0.25;0.25;0;0
2016-10-08 11:44;0;0;0;0
2016-10-08 11:15;-0.5;1;0;1
2016-10-08 10:40;0;0;0;2
2016-10-08 10:37;0.4375;0.45;0;2
2016-10-08 09:50;0.5;0.5;1;1
2016-10-08 09:46;0;0;6;0
2016-10-08 09:18;0.5;0.6;2;1
2016-10-08 09:03;-0.625;0.6;14;10
2016-10-08 08:45;0.375;0.375;0;0
2016-10-08 08:00;0.133333333;0.633333333;0;1
2016-10-08 07:34;0.3125;0.2;1;3
2016-10-08 07:29;-0.027777778;0.288888889;0;0
2016-10-08 07:20;0.125;0.375;0;3
2016-10-08 07:18;0;0;1;1
2016-10-08 07:11;0.8;0.75;0;0
2016-10-08 06:51;0.05;0.35;0;0
2016-10-08 06:50;0;0;3;8
2016-10-08 06:49;0;0;4;1
2016-10-08 06:45;0;0;5;3
2016-10-08 06:39;0.35;0.35;5;7
2016-10-08 06:37;0.1;0.2;0;0
2016-10-08 06:34;0.285714286;0.535714286;0;1
2016-10-08 06:34;0;0;0;1
2016-10-08 06:14;0.5;0.5;0;3
2016-10-08 06:08;0.4;0.9;0;0
2016-10-08 06:02;-0.027777778;0.288888889;0;0
2016-10-08 06:00;-0.1;0.5;0;0
2016-10-08 05:58;-0.166666667;0.333333333;0;0
2016-10-08 05:57;0.2;0.3;1;4
2016-10-08 05:56;0.225;0.15;0;2
2016-10-08 05:48;0.25;0.25;0;1
2016-10-08 05:41;0.375;0.541666667;0;0
2016-10-08 05:38;0.083333333;0.5;0;0
2016-10-08 05:29;0.8;0.9;0;0
2016-10-08 05:27;0;0.333333333;0;0
2016-10-08 05:19;0;0;0;0
2016-10-08 05:11;0.5;0.5;0;0
2016-10-08 05:04;1;1;0;1
2016-10-08 04:41;-0.291666667;0.541666667;6;10
2016-10-08 04:37;0;0;0;1
2016-10-08 04:36;0;0;0;0
2016-10-08 04:34;0;0;0;0
2016-10-08 04:21;0;0;1;0
2016-10-08 04:16;0;0;0;1
2016-10-08 04:15;0;0;0;1
2016-10-08 04:14;0.25;0.666666667;0;0
2016-10-08 04:12;0.5;0.833333333;0;4
2016-10-08 04:10;0;0;2;1
2016-10-08 04:09;-0.133333333;0.833333333;0;0
2016-10-08 04:00;-0.108333333;0.4;0;2
2016-10-08 03:54;0.145833333;0.861111111;1;3
2016-10-08 03:49;0;0;0;0
2016-10-08 03:42;-1;0.857142857;0;0
2016-10-08 03:41;-0.4;0.4;1;18
2016-10-08 03:40;-0.714285714;0.857142857;0;0
2016-10-08 03:40;0;0;1;4
2016-10-08 03:39;0;0;0;2
2016-10-08 03:35;0.242857143;0.417857143;0;4
2016-10-08 03:32;0;0;41;88
2016-10-08 03:25;-0.2;0.8;0;1
2016-10-08 03:21;0;0;4;4
2016-10-08 03:19;0.1;0.4;0;0
2016-10-08 03:17;-0.225;0.191666667;6;5
2016-10-08 03:15;0;0;0;0
2016-10-08 03:02;0;1;0;1
2016-10-08 02:58;0;0;1;0
2016-10-08 02:56;0;0;56;63
2016-10-08 02:45;0;0;1;8
2016-10-08 02:45;-0.4;0.6;0;0
2016-10-08 02:44;0;0;0;0
2016-10-08 02:43;0;0;5;5
2016-10-08 02:40;0;0;5;2
2016-10-08 02:31;0;0;6;9
2016-10-08 02:23;0;0;0;0
2016-10-08 02:15;0;0.083333333;0;0
2016-10-08 02:14;-0.3;0.7;0;0
2016-10-08 02:10;0;0;0;0
2016-10-08 02:06;-0.3;0.65;1;4
2016-10-08 01:57;0;0;0;1
2016-10-08 01:54;0.3125;0.25;0;0
2016-10-08 01:49;0;0;0;0
2016-10-08 01:40;-0.6;1;0;0
2016-10-08 01:32;-0.3125;0.3;0;0
2016-10-08 01:11;-0.033333333;0.366666667;0;1
2016-10-08 01:07;0;0;0;0
2016-10-08 00:59;0;0;1;2
2016-10-08 00:56;0;0;0;1
2016-10-08 00:53;0;0;6;14
2016-10-08 00:53;0;0;0;0
2016-10-08 00:36;0;0;0;0
2016-10-08 00:33;0;0;0;0
2016-10-08 00:29;0.5;0.833333333;2;0
2016-10-08 00:24;0;0;0;0
2016-10-08 00:21;-1;1;0;0
2016-10-08 00:16;0;0;7;3
2016-10-08 00:10;0;0;0;0
2016-10-08 00:03;0;0;0;0
2016-10-08 00:02;0.136363636;0.454545455;0;1
2016-10-07 23:41;0.125;0.175;0;0
2016-10-07 23:34;0;0.6;0;0
2016-10-07 23:17;0;0;0;0
2016-10-07 23:13;-0.7;1;0;0
2016-10-07 23:01;0.6;0.775;0;0
2016-10-07 22:45;0;0;0;0
2016-10-07 22:43;0;0;0;0
2016-10-07 22:42;0;0;0;0
2016-10-07 22:37;0;0;11;3
2016-10-07 22:30;0;0;0;0
2016-10-07 22:28;0;0;0;0
2016-10-07 22:19;0.4;0.5;0;2
2016-10-07 22:18;0.2;0.45;37;134
2016-10-07 22:16;0;0;9;28
2016-10-07 22:14;0;0;28;98
2016-10-07 22:11;-0.7;0.666666667;1;0
2016-10-07 22:11;0.8;1;52;149
2016-10-07 22:05;0;0;0;2
2016-10-07 21:59;0;0;0;0
2016-10-07 21:56;0;0;0;0
2016-10-07 21:56;0;0;0;0
2016-10-07 21:53;0.385416667;0.658333333;3;11
2016-10-07 21:52;0;0;76;107
2016-10-07 21:49;0;0;6;4
2016-10-07 21:42;0.4;0.5;0;2
2016-10-07 21:42;0.383333333;0.575;7;40
2016-10-07 21:39;0.5;0.5;20;52
2016-10-07 21:39;0;0;4;7
2016-10-07 21:39;0;0;1;0
2016-10-07 21:36;0;0;8;15
2016-10-07 21:24;0;0.1;0;1
2016-10-07 21:13;0.09375;0.5;0;0
2016-10-07 21:07;0.2;0.6;0;0
2016-10-07 21:01;0.246753247;0.535714286;8;7
2016-10-07 20:38;0;0;1;2
2016-10-07 20:34;0.416666667;0.666666667;1;1
2016-10-07 20:27;-0.48828125;0.55;0;0
2016-10-07 20:05;0;0;0;0
2016-10-07 19:28;0;0;1;0
2016-10-07 19:23;-0.05;0.1;0;0
2016-10-07 19:16;0.05;0.3;3;0
2016-10-07 19:06;0;0;0;0
2016-10-07 19:05;0;0;0;0
2016-10-07 18:57;0.047222222;0.458333333;1;0
2016-10-07 18:56;0.206349206;0.367460317;0;1
2016-10-07 18:52;0.8;0.75;1;3
2016-10-07 18:48;0.118181818;0.418939394;0;0
2016-10-07 18:33;0;0;0;5
2016-10-07 16:58;0;0;0;0
2016-10-07 16:55;0;0;10;5
2016-10-07 16:35;0;0;0;0
2016-10-07 16:16;0;0;0;0
2016-10-07 16:14;0.416666667;0.427777778;0;0
2016-10-07 16:12;0;0;1;1
2016-10-07 15:25;-0.3125;0.95;5;6
2016-10-07 14:52;0;0;0;0
2016-10-07 14:31;0.8;0.75;2;3
2016-10-07 13:50;0;0;1;0
2016-10-07 13:49;0;0;1;0
2016-10-07 12:40;0;0.05;0;0
2016-10-07 08:34;0;0;2;1
2016-10-07 07:10;0.5;0.5;0;1
2016-10-07 06:37;0;0;0;1
2016-10-07 06:30;0;0.1;3;3
2016-10-07 06:22;0.6;0.433333333;0;0
2016-10-07 06:11;0;0;0;0
2016-10-07 05:42;0;0;1;1
2016-10-07 05:39;0.2;0.2;0;0
2016-10-07 04:22;0;0.066666667;0;0
2016-10-07 03:14;-0.5;1;0;1
2016-10-07 01:43;0;0;0;0
2016-10-07 01:42;0;0;0;0
2016-10-07 01:17;0.285714286;0.535714286;0;0
2016-10-07 01:16;0;0;0;0
2016-10-07 01:10;-0.5;0.5;0;0
2016-10-07 01:06;-0.25;0.3;0;0
2016-10-07 01:03;-0.194444444;0.416666667;8;4
2016-10-07 01:03;0;0.5;0;1
2016-10-07 00:53;5.55E-01;0.875;0;1
2016-10-07 00:45;0.1;0.138461538;17;23
2016-10-07 00:04;-0.1;0.1;2;7
2016-10-06 23:38;0;0;4;0
2016-10-06 23:36;0;0;5;0
2016-10-06 23:33;-0.5;1;0;0
2016-10-06 23:25;0;0;3;0
2016-10-06 23:12;0;0;1;0
2016-10-06 23:12;0.1;0.4;0;0
2016-10-06 22:48;0;0;0;0
2016-10-06 22:36;0;0;1;0
2016-10-06 22:23;0;0;1;0
2016-10-06 22:02;0;0;0;0
2016-10-06 21:59;-0.0625;0.108333333;2;0
2016-10-06 21:58;0.4;0.5;2;6
2016-10-06 21:44;0;0;2;0
2016-10-06 21:42;0;0;1;0
2016-10-06 21:27;0;0;1;1
2016-10-06 21:24;0;0;1;0
2016-10-06 21:23;0;0;4;0
2016-10-06 21:20;0;0;0;0
2016-10-06 21:19;0;0;2;0
2016-10-06 21:16;0;0;2;0
2016-10-06 21:14;0;0;3;0
2016-10-06 21:13;0;0;5;1
2016-10-06 21:08;0;0;6;1
2016-10-06 21:02;0;0;1;0
2016-10-06 20:59;0;0;2;0
2016-10-06 20:47;0;0;6;1
2016-10-06 20:46;0;0;7;2
2016-10-06 20:23;0;0;15;29
